customer_id,age,income,previous_purchases,time_on_site_minutes,email_opens_last_month,purchased
1,46,94983.89,1,7.64,5,0
2,38,83115.84,1,8.05,4,0
3,48,61490.76,4,3.8,4,1
4,58,43826.58,1,5.55,3,0
5,37,77455.58,3,5.16,2,0
6,37,69837.13,1,12.85,8,1
7,59,82379.83,2,3.47,2,0
8,49,75879.3,5,3.14,2,0
9,34,86238.82,4,3.53,6,1
10,47,46619.12,3,10.32,3,1
11,34,92934.85,3,8.77,5,0
12,34,64939.99,5,1.69,3,1
13,43,111881.52,3,1.6,4,0
14,18,42770.3,2,6.81,3,0
15,19,103399.1,1,4.85,3,1
16,33,64947.77,2,0.82,4,0
17,28,43714.55,1,1.7,5,0
18,44,47902.85,2,5.04,4,0
19,29,51991.32,1,22.82,7,1
20,23,70604.15,3,7.96,1,0
21,58,73070.89,3,2.3,4,0
22,37,45657.5,6,12.65,5,1
23,41,59391.14,5,2.06,7,0
24,23,113556.76,6,3.15,2,1
25,33,103188.58,1,12.39,4,0
26,41,70908.09,2,2.04,6,0
27,26,60950.09,4,13.76,3,1
28,45,63000.78,2,0.57,6,0
29,33,75337.95,1,7.0,1,1
30,36,34430.19,4,5.93,5,0
31,33,53565.59,4,9.91,7,0
32,62,20000.0,1,5.73,5,0
33,40,69980.58,4,6.05,4,0
34,27,76179.9,3,2.96,2,0
35,50,47920.34,1,4.17,7,0
36,25,99349.67,2,12.9,4,1
37,43,29355.86,1,6.88,1,0
38,18,23390.63,2,7.81,5,0
39,24,65611.3,2,6.09,4,0
40,42,86177.46,3,4.42,2,0
41,49,102098.19,4,0.87,3,1
42,42,48527.89,4,11.44,2,0
43,39,86967.02,0,8.36,4,0
44,36,59037.29,3,5.24,5,0
45,22,55684.32,0,2.56,4,0
46,31,82091.5,3,8.84,6,0
47,34,76308.07,1,2.39,6,0
48,53,20590.2,4,7.92,5,0
49,44,96913.51,5,3.09,1,0
50,19,94502.28,1,6.41,5,0
51,44,44360.93,3,12.06,4,0
52,35,69895.09,3,5.69,4,0
53,32,72350.75,3,7.35,5,1
54,47,66516.84,2,16.0,4,1
55,52,46242.37,3,6.71,7,0
56,51,43209.42,3,2.33,2,0
57,30,59361.15,4,8.1,5,0
58,36,89318.23,3,4.03,0,0
59,44,73590.0,1,13.97,7,0
60,52,50734.64,2,3.89,2,0
61,34,79292.47,4,3.92,2,0
62,38,20000.0,1,7.25,3,0
63,27,88719.14,4,6.3,4,0
64,26,20000.0,2,8.02,3,0
65,50,50938.98,1,3.6,5,0
66,56,32008.25,5,8.87,4,0
67,39,27632.96,6,1.11,1,0
68,52,89020.67,1,3.29,3,0
69,44,48307.47,7,7.76,6,1
70,32,68662.6,4,0.85,5,1
71,44,58826.99,3,7.01,5,1
72,58,71926.02,3,6.2,5,0
73,40,61920.55,0,2.86,3,0
74,59,27925.19,3,7.01,2,0
75,18,84906.67,3,3.0,3,0
76,50,47656.09,1,8.42,6,0
77,41,21085.45,0,6.53,8,0
78,36,49297.12,2,9.76,4,0
79,41,97518.99,4,18.47,1,0
80,18,81255.54,6,6.6,2,1
81,37,51283.7,3,10.67,3,0
82,44,51268.56,3,1.85,4,0
83,58,51959.12,2,7.75,2,0
84,34,111918.7,1,0.5,7,0
85,30,69548.39,0,8.11,4,0
86,34,70751.04,2,1.88,6,0
87,51,85757.09,6,8.91,5,1
88,44,65969.73,6,11.4,5,1
89,34,53523.95,3,7.69,5,0
90,46,55091.25,3,0.85,5,1
91,41,58209.97,2,3.65,5,1
92,52,59069.44,5,17.56,5,0
93,32,78190.74,3,7.51,4,0
94,36,61298.65,2,8.58,8,0
95,35,78316.0,2,2.08,5,0
96,22,57982.09,2,2.45,5,1
97,44,61965.88,3,4.37,6,0
98,43,20000.0,1,9.8,3,0
99,40,82908.19,6,2.63,2,1
100,37,68662.21,4,16.62,4,0
101,23,84950.25,6,1.25,4,0
102,35,20000.0,2,4.33,6,0
103,36,112209.37,5,12.41,4,1
104,30,56510.26,2,2.07,4,0
105,38,87704.57,3,3.45,4,0
106,45,34002.35,6,5.71,1,1
107,63,75319.35,6,2.12,5,1
108,42,33664.61,5,1.0,6,0
109,43,44405.78,4,2.76,3,0
110,39,107850.78,3,11.41,5,0
111,18,55232.94,1,4.32,5,0
112,40,65435.82,4,2.03,3,0
113,41,81751.69,3,2.09,2,0
114,70,72392.05,4,9.43,8,0
115,38,63760.47,2,2.83,4,0
116,44,69124.03,2,6.88,3,1
117,40,120085.39,4,3.91,3,1
118,26,58559.53,4,6.42,5,1
119,54,65027.48,1,9.45,5,0
120,49,86266.36,2,9.96,5,1
121,49,87638.15,4,2.27,2,0
122,29,89675.76,2,4.41,6,0
123,57,75968.26,3,3.34,4,0
124,23,31424.88,5,10.82,3,0
125,47,100835.79,2,2.23,4,0
126,66,31341.37,2,6.75,4,0
127,28,67565.89,2,6.5,6,0
128,33,41143.1,2,2.43,7,0
129,41,58396.54,4,1.0,3,0
130,34,68219.06,2,2.94,6,0
131,21,68033.93,2,3.95,5,0
132,41,70548.02,3,4.14,7,1
133,27,100342.78,2,3.84,3,0
134,46,71338.36,2,7.92,4,0
135,29,53896.08,2,8.81,3,0
136,59,84102.18,5,10.41,6,1
137,31,89736.76,4,2.7,0,1
138,36,29309.8,4,4.58,4,0
139,50,74935.0,4,12.92,3,0
140,25,77529.32,4,4.42,3,0
141,43,52560.91,4,3.23,5,0
142,56,94392.67,0,7.39,6,1
143,21,56248.61,1,8.16,5,0
144,42,63139.41,4,4.44,6,0
145,43,55673.2,1,3.61,3,0
146,49,60389.48,4,1.98,4,0
147,25,32593.12,1,3.75,4,0
148,24,23998.73,2,1.47,1,0
149,46,99862.63,2,10.53,4,0
150,44,38825.97,1,1.18,5,0
151,43,35215.19,4,2.94,5,0
152,44,20000.0,7,5.8,5,0
153,32,44025.96,3,5.25,4,0
154,43,26922.76,4,2.47,2,0
155,44,101050.38,5,6.28,2,1
156,31,85245.43,3,1.55,5,0
157,62,42796.24,2,5.85,3,0
158,46,116310.9,3,2.69,2,0
159,26,84544.14,2,1.41,4,0
160,48,51879.22,2,3.98,4,0
161,28,20000.0,4,9.23,3,0
162,49,117273.56,1,2.57,5,0
163,54,25260.69,5,8.14,5,0
164,30,20000.0,2,4.8,3,0
165,52,85564.26,3,2.08,5,0
166,45,120993.81,6,3.62,5,1
167,50,94606.82,3,4.37,5,1
168,63,74097.73,3,1.21,4,0
169,37,74868.86,7,3.54,1,1
170,31,81335.39,3,1.44,5,0
171,29,78973.21,1,8.75,4,0
172,30,67029.79,0,6.8,7,0
173,39,62605.03,3,6.53,6,0
174,44,58435.17,1,2.76,5,0
175,43,41150.89,2,2.14,3,0
176,50,52983.12,1,5.88,3,0
177,40,20000.0,3,8.6,3,0
178,57,57541.51,1,17.43,4,0
179,37,35285.22,2,10.84,3,0
180,73,32410.27,4,12.18,4,0
181,48,64497.35,3,10.01,3,0
182,30,94800.06,4,4.43,8,0
183,27,82957.92,2,2.35,2,1
184,46,20737.48,2,0.58,7,0
185,37,35259.3,3,4.03,6,0
186,49,83519.28,1,9.7,4,0
187,46,35437.82,2,3.07,5,0
188,39,54384.17,4,5.34,4,0
189,30,73751.3,6,3.05,5,1
190,22,35791.39,4,6.78,3,0
191,35,62634.39,1,3.95,3,0
192,50,26649.36,4,0.17,4,0
193,43,44965.81,4,1.48,4,0
194,25,67994.55,1,7.8,4,0
195,42,20175.16,5,0.46,3,0
196,45,71011.87,2,5.16,4,0
197,29,59509.06,1,7.69,2,0
198,42,73812.25,4,1.34,2,0
199,41,65597.85,3,9.76,3,0
200,26,94103.51,3,12.67,2,1
201,44,63130.61,6,1.63,2,1
202,47,49264.86,4,2.95,6,0
203,53,63057.44,9,5.58,1,1
204,53,73582.45,3,13.96,5,0
205,23,61221.5,2,3.58,3,0
206,29,61014.79,3,8.42,6,0
207,46,42450.21,2,5.24,4,0
208,46,43427.48,5,2.93,3,0
209,46,24934.87,4,0.81,4,0
210,75,103739.42,3,2.53,4,0
211,47,28903.42,5,2.54,4,0
212,54,42677.37,3,15.71,2,0
213,51,42039.82,1,9.12,9,0
214,48,82373.11,3,3.54,4,0
215,36,52626.26,7,5.44,4,1
216,49,91193.55,3,2.79,5,1
217,31,43162.73,2,11.4,4,0
218,37,66974.85,5,2.83,6,0
219,34,39116.32,2,2.54,4,0
220,41,113628.73,4,5.07,5,1
221,68,30310.04,1,1.32,2,0
222,18,67745.52,3,4.2,6,0
223,48,75844.42,8,2.9,5,1
224,21,70344.98,3,7.01,3,0
225,34,55367.81,5,11.92,2,0
226,53,56754.48,6,4.89,3,0
227,41,61095.29,5,5.47,8,0
228,27,56324.95,4,7.95,3,0
229,31,84096.98,3,0.97,4,1
230,48,115263.08,4,3.27,1,1
231,31,46062.71,0,8.39,4,0
232,43,25754.93,8,10.75,4,0
233,41,57792.95,2,7.96,7,0
234,32,124492.73,4,12.99,4,1
235,66,39908.14,0,2.65,6,0
236,48,100977.92,1,10.3,4,1
237,18,101942.52,7,4.86,1,1
238,42,46160.29,4,0.72,3,0
239,32,74224.58,5,6.71,4,1
240,50,100709.92,1,4.09,7,0
241,30,50521.81,5,17.6,6,1
242,39,54910.49,1,5.95,3,0
243,46,45457.98,2,3.52,3,0
244,50,34631.08,1,5.37,3,0
245,26,43768.06,4,3.37,7,1
246,36,29401.49,3,1.79,6,0
247,34,60852.09,1,5.03,5,0
248,32,40750.67,3,2.49,4,0
249,61,65844.65,2,9.01,4,0
250,45,21102.61,2,17.76,4,0
251,25,68272.01,1,3.66,3,0
252,51,80838.22,3,13.39,4,0
253,65,20000.0,2,1.12,1,0
254,52,69351.41,3,9.64,2,0
255,22,90691.72,3,5.92,6,1
256,34,29758.97,5,7.21,5,0
257,55,101814.31,6,10.97,4,1
258,32,70475.48,3,6.34,4,0
259,45,42374.7,5,1.23,4,0
260,49,58605.77,2,8.16,5,0
261,29,73958.17,2,7.13,5,1
262,39,61900.13,4,3.84,5,0
263,18,73468.9,3,4.37,5,0
264,28,36983.16,2,8.61,3,1
265,37,64234.02,1,5.75,3,0
266,25,24657.14,5,3.56,4,0
267,60,57219.35,3,5.38,3,0
268,23,37402.31,4,1.94,5,0
269,35,41611.75,1,2.56,3,0
270,42,90902.33,3,4.87,2,0
271,57,87282.75,4,4.68,4,0
272,23,75228.45,2,5.7,8,0
273,54,32692.18,2,4.81,3,0
274,40,52089.79,2,1.55,5,0
275,28,90327.44,4,13.26,4,1
276,46,63542.92,5,10.66,2,0
277,42,117983.24,2,6.49,4,1
278,33,69832.95,2,3.39,5,1
279,41,64801.23,4,9.68,4,1
280,35,52272.09,0,8.93,6,0
281,41,63338.52,3,12.15,3,1
282,48,56188.25,0,7.61,2,0
283,59,77702.72,2,3.86,7,0
284,25,83917.56,2,7.41,4,0
285,66,40350.26,1,0.63,4,0
286,18,26719.18,4,3.61,6,0
287,38,20000.0,5,15.49,3,0
288,47,72699.78,1,1.6,5,0
289,43,32415.83,4,0.91,2,0
290,33,20000.0,0,3.94,3,0
291,38,69714.47,6,4.01,2,1
292,34,122324.99,5,9.2,6,1
293,33,59848.23,1,6.03,3,0
294,50,80962.27,5,4.95,5,0
295,44,62045.73,1,1.03,7,0
296,32,57527.76,4,5.03,4,0
297,51,82976.91,2,2.68,4,0
298,44,52743.14,1,8.37,4,0
299,50,66684.81,3,5.15,3,0
300,48,68042.45,3,0.28,4,0
301,30,43297.74,6,11.8,5,1
302,33,84801.06,0,1.87,8,0
303,49,55626.01,3,5.49,7,0
304,47,41106.37,5,4.45,6,0
305,40,73412.75,1,7.24,6,0
306,41,37538.3,3,3.08,4,0
307,55,60704.53,4,2.65,5,0
308,33,59772.03,2,4.23,6,0
309,47,87147.39,3,12.79,4,1
310,38,71867.46,7,1.68,7,0
311,37,59374.33,1,5.12,4,0
312,53,80444.16,3,6.19,5,1
313,50,94755.19,3,5.56,5,1
314,50,73945.26,1,3.18,7,0
315,56,60258.82,1,3.68,3,0
316,40,27204.09,2,4.4,5,0
317,48,33372.16,2,4.9,4,0
318,36,52369.38,6,0.55,3,0
319,44,44762.19,1,7.44,5,0
320,38,55325.72,3,6.59,4,0
321,41,61416.25,3,9.08,5,0
322,47,73242.32,4,0.76,3,0
323,30,58237.53,2,6.11,4,0
324,65,72162.54,3,4.5,5,0
325,28,61611.86,4,5.58,4,1
326,25,20000.0,2,4.2,3,0
327,54,36516.62,3,6.64,7,0
328,49,56397.81,2,2.94,4,0
329,47,29757.63,4,5.29,5,0
330,48,74998.22,1,0.98,4,0
331,40,98268.77,3,3.7,4,0
332,29,90469.05,5,3.86,4,0
333,41,54663.93,2,0.27,4,0
334,32,97268.15,4,5.4,4,1
335,52,63716.69,2,6.41,4,0
336,38,51572.85,1,3.67,4,0
337,30,44664.93,3,8.32,2,0
338,36,52438.26,4,11.87,4,0
339,45,50295.58,7,16.99,3,0
340,33,64260.41,4,1.56,2,0
341,30,64014.35,6,7.31,7,1
342,43,60076.15,4,5.46,5,1
343,43,70923.45,1,4.79,5,0
344,34,89766.16,1,1.56,4,0
345,34,83738.85,7,4.9,6,1
346,43,22877.55,4,0.35,5,0
347,23,20000.0,3,4.23,5,0
348,23,83358.0,3,0.94,4,0
349,31,25828.03,3,3.27,7,0
350,37,54380.86,3,9.76,6,0
351,44,30747.17,1,2.81,6,0
352,58,20000.0,1,0.66,3,0
353,50,73536.57,3,6.07,3,0
354,38,78978.88,0,2.67,3,0
355,40,45587.24,3,17.21,3,0
356,28,20000.0,3,1.07,6,0
357,40,46343.89,0,25.0,1,0
358,37,69795.1,2,3.09,2,0
359,44,23027.21,1,2.97,3,0
360,30,64584.0,2,1.28,3,0
361,46,59617.25,4,6.55,3,0
362,58,74482.29,4,0.41,6,0
363,39,62989.51,1,6.14,4,0
364,45,35673.28,3,9.06,1,0
365,48,89914.29,3,1.51,4,0
366,35,56036.76,2,14.1,4,1
367,43,59317.39,2,2.37,2,0
368,40,36668.3,3,3.83,5,0
369,41,48917.94,2,0.88,5,0
370,31,37879.93,3,4.36,5,0
371,40,55676.35,2,6.92,5,0
372,46,102792.71,1,1.54,0,0
373,57,25702.47,0,5.68,7,0
374,52,20000.0,3,6.62,6,0
375,66,96779.26,4,8.21,6,1
376,31,54766.91,4,4.74,1,0
377,50,43273.18,3,11.18,7,0
378,42,85997.62,3,1.48,6,0
379,66,44859.61,6,6.38,6,1
380,30,105650.24,4,2.54,2,0
381,30,76948.15,4,6.08,5,0
382,33,47802.21,5,5.21,7,0
383,18,113932.71,1,2.45,5,1
384,34,44857.13,4,4.47,4,0
385,31,78552.38,2,2.39,7,0
386,42,67482.31,4,16.0,4,0
387,44,92543.53,5,7.69,5,0
388,63,99037.78,2,16.23,4,0
389,51,60800.1,4,2.16,7,0
390,33,41164.55,1,0.81,2,0
391,29,71499.3,2,6.21,4,0
392,46,43057.12,4,6.32,5,0
393,24,110334.68,1,8.05,6,1
394,62,63413.38,1,8.08,4,0
395,54,50866.96,0,15.47,6,0
396,34,64617.01,3,8.03,7,0
397,19,26321.84,3,1.82,2,0
398,56,35709.65,4,1.21,4,0
399,39,90010.35,2,16.27,1,0
400,55,43577.64,3,4.77,3,0
401,21,33827.23,6,11.98,4,0
402,33,73416.32,2,2.28,6,0
403,40,89642.6,2,7.85,6,0
404,41,77973.83,2,2.26,2,0
405,35,84901.19,4,0.24,2,0
406,47,41080.12,1,10.47,5,0
407,27,24454.73,4,1.54,4,0
408,38,97533.34,3,1.34,3,1
409,41,51933.0,3,4.34,6,0
410,46,53729.17,5,4.41,7,0
411,49,93204.85,3,5.89,4,1
412,27,73905.75,1,6.41,6,1
413,22,71397.19,1,2.27,4,0
414,55,114125.06,3,1.37,5,0
415,44,43912.04,5,11.42,4,0
416,31,83196.0,4,8.69,2,0
417,59,61425.33,2,1.52,7,1
418,41,66714.81,7,0.94,4,0
419,54,98211.71,0,3.46,5,0
420,41,72695.89,4,1.32,4,0
421,65,73457.4,2,3.35,1,0
422,61,86812.68,3,8.3,2,1
423,37,50876.18,1,4.17,4,0
424,52,39019.76,3,10.59,5,0
425,48,33879.77,1,3.67,3,0
426,56,20000.0,3,10.1,5,0
427,28,111405.18,6,3.21,5,1
428,48,32419.79,3,0.22,5,0
429,53,54468.66,2,6.31,4,0
430,19,53079.67,1,0.57,6,0
431,26,67685.17,4,2.82,4,0
432,18,80393.43,4,4.63,4,1
433,37,81511.84,3,5.4,3,0
434,49,45423.06,1,7.05,3,0
435,58,55821.96,4,0.94,1,0
436,41,67064.5,2,1.96,5,0
437,60,53782.72,4,3.61,3,0
438,23,100183.64,1,7.13,3,0
439,20,72274.37,5,5.66,5,0
440,39,78371.94,3,1.91,3,0
441,45,76572.03,1,9.93,3,0
442,40,89336.85,2,0.99,3,0
443,18,64525.54,1,6.05,5,1
444,39,27579.2,5,2.27,2,1
445,24,69992.2,1,8.48,4,0
446,48,43716.08,3,2.81,4,0
447,44,46784.58,2,25.0,5,1
448,29,74659.1,3,6.16,5,0
449,34,90957.08,2,12.32,6,0
450,27,60531.79,5,15.64,2,0
451,39,67720.83,4,3.76,3,0
452,51,102555.37,5,4.26,3,1
453,28,66018.83,2,11.5,2,0
454,46,125042.08,3,5.0,3,0
455,34,74137.74,2,1.84,3,0
456,30,20000.0,1,0.86,4,0
457,39,78833.54,3,5.54,5,1
458,28,69528.96,1,2.89,4,0
459,33,92243.82,7,8.25,5,0
460,26,76829.53,6,3.22,3,0
461,64,56538.6,3,15.17,3,0
462,40,29392.54,4,2.09,4,0
463,32,54774.42,1,1.4,1,0
464,43,38736.99,1,4.21,2,0
465,39,45486.91,2,7.72,4,0
466,37,74714.46,3,8.76,7,0
467,47,101747.61,3,5.01,5,1
468,49,69866.79,1,15.79,2,0
469,34,30102.92,4,4.59,6,0
470,33,71115.07,1,3.67,5,0
471,37,89915.79,3,6.22,5,0
472,18,44755.43,3,1.64,6,0
473,22,56649.57,1,10.04,4,1
474,56,60367.2,2,11.32,3,0
475,60,40377.54,4,5.37,4,0
476,37,76207.01,2,1.96,4,0
477,47,56976.3,0,5.67,4,0
478,44,70488.31,4,15.27,4,0
479,75,37812.7,0,7.19,7,0
480,53,49063.54,2,8.52,6,0
481,38,78059.53,5,9.59,6,1
482,29,50679.17,1,1.6,6,0
483,21,103174.1,5,3.98,7,0
484,42,50009.1,4,7.91,2,1
485,31,65617.12,4,1.15,3,0
486,23,83314.77,3,10.86,4,0
487,32,24540.86,6,1.25,6,0
488,27,20000.0,2,3.08,4,0
489,60,21858.59,4,10.58,5,0
490,51,91564.6,2,4.3,2,0
491,40,46203.55,5,5.55,3,0
492,58,123954.98,3,17.05,5,1
493,41,45893.81,3,9.39,3,0
494,30,64613.78,3,4.5,4,1
495,58,98552.75,1,9.76,3,0
496,46,110152.32,3,4.58,4,0
497,28,111537.59,6,3.95,5,0
498,38,90209.16,3,4.83,4,0
499,29,85601.56,1,3.56,4,0
500,23,74813.17,3,2.69,2,0
501,51,79459.03,3,3.27,6,1
502,63,46220.36,2,2.97,4,0
503,23,39545.03,3,1.99,5,0
504,47,59915.64,0,7.64,5,0
505,32,55745.38,8,8.38,3,1
506,34,48669.3,1,4.0,6,0
507,33,77409.69,1,17.91,5,1
508,30,83882.63,3,11.89,4,0
509,41,62210.17,2,7.53,3,0
510,30,96938.25,2,9.14,7,0
511,43,31457.77,3,1.39,5,0
512,39,55158.51,4,11.13,3,0
513,37,42079.44,3,2.77,3,0
514,29,20000.0,7,15.43,6,0
515,33,57932.98,3,25.0,5,1
516,49,56956.31,3,20.45,5,0
517,46,97836.24,3,7.72,4,1
518,28,75770.29,5,8.57,5,0
519,41,34395.33,5,8.93,4,0
520,49,106352.31,4,3.79,3,0
521,20,90525.84,4,7.37,5,1
522,47,74552.44,2,2.41,8,1
523,32,54337.9,6,15.2,3,1
524,47,36014.02,3,8.44,4,0
525,31,50694.83,2,11.78,5,0
526,18,87218.72,6,5.22,4,0
527,20,107114.66,4,3.37,6,1
528,41,98581.09,3,1.47,5,1
529,43,47778.76,3,2.86,2,0
530,29,32009.56,6,4.49,9,0
531,48,63522.16,4,8.63,5,1
532,20,20000.0,2,6.71,6,0
533,39,68079.19,1,6.01,5,0
534,25,56309.94,3,8.25,6,0
535,32,48349.09,4,4.54,2,0
536,41,20132.42,5,8.26,4,0
537,30,72840.0,6,5.94,6,1
538,35,46682.48,2,5.73,3,0
539,52,30752.08,4,2.67,2,1
540,33,20000.0,4,3.78,6,0
541,50,59312.13,0,0.69,6,0
542,26,104306.29,4,2.33,3,1
543,46,101531.48,5,10.36,6,1
544,57,48572.59,2,2.59,5,0
545,18,44944.7,5,6.65,4,1
546,30,71719.36,4,2.39,6,1
547,47,35040.36,5,9.26,4,0
548,38,67544.8,2,7.01,3,0
549,44,79152.01,2,1.58,3,0
550,33,90673.33,0,9.66,4,0
551,41,57496.15,4,11.72,4,1
552,38,54908.16,1,2.44,6,0
553,54,38050.44,2,4.08,6,1
554,43,39327.99,3,2.03,4,0
555,44,54338.03,2,8.98,5,0
556,35,69184.14,2,5.11,3,0
557,34,82839.62,1,5.08,2,1
558,35,39920.53,3,4.46,6,0
559,45,97317.21,4,12.11,2,0
560,35,53221.91,6,19.36,3,1
561,43,59465.82,3,11.85,5,1
562,65,41319.71,2,9.15,4,0
563,50,20000.0,3,3.34,6,0
564,36,82101.13,1,2.97,3,0
565,54,78421.1,2,2.7,1,0
566,35,52966.81,1,3.78,3,0
567,18,61674.77,3,3.48,4,0
568,28,72898.48,4,7.92,4,1
569,18,20936.35,2,1.18,4,0
570,36,46773.68,2,3.68,6,0
571,40,79856.62,3,0.62,6,1
572,60,28642.76,2,9.3,3,0
573,44,67338.95,2,3.72,4,0
574,37,26085.45,3,14.99,4,0
575,50,71660.75,1,8.29,7,0
576,18,59108.96,6,0.64,9,0
577,43,20000.0,2,1.39,3,0
578,49,89118.48,2,3.62,5,0
579,22,41635.21,2,19.64,4,0
580,54,39743.69,4,2.17,1,0
581,44,65014.23,1,5.79,1,0
582,35,88715.93,2,10.29,4,0
583,48,34604.45,4,12.02,4,0
584,67,61542.0,3,4.46,1,0
585,42,70720.41,3,1.96,5,0
586,43,77327.64,3,4.94,3,0
587,34,64411.04,6,9.85,4,0
588,30,50824.3,3,8.07,3,1
589,50,39310.24,3,0.77,3,0
590,30,62153.6,1,1.03,4,0
591,41,33196.52,2,10.1,3,0
592,34,20000.0,4,1.53,4,0
593,46,70914.0,3,1.35,3,0
594,44,82598.37,3,5.35,4,0
595,52,20000.0,2,9.8,3,0
596,34,34756.73,3,13.95,5,0
597,37,75478.86,1,1.62,5,0
598,28,111437.39,2,18.9,2,1
599,35,60519.84,2,0.7,4,0
600,45,41799.93,3,3.29,2,1
601,49,55427.59,5,7.5,5,1
602,29,94371.91,3,1.86,3,0
603,50,43850.9,6,3.89,4,0
604,56,40020.2,2,3.41,4,0
605,45,47931.41,5,0.88,7,0
606,63,36166.78,6,4.75,4,0
607,31,63066.76,6,2.69,4,0
608,25,100616.96,3,2.32,4,0
609,19,68076.98,4,3.43,7,0
610,58,53691.16,3,11.81,5,1
611,48,52704.72,2,10.08,3,0
612,39,20920.23,5,0.29,6,0
613,43,82077.74,4,8.74,4,1
614,26,58054.07,2,1.8,6,1
615,69,55488.0,0,15.44,6,0
616,42,139827.69,0,1.91,3,0
617,41,67468.82,5,8.01,5,0
618,49,41205.22,6,3.46,3,0
619,46,49341.06,1,6.68,3,0
620,43,88711.14,2,3.59,3,0
621,31,62831.76,5,1.6,5,0
622,46,24043.05,4,2.4,3,0
623,63,82980.72,3,0.76,0,0
624,56,43296.4,2,10.54,5,0
625,59,106832.44,0,8.55,3,0
626,34,87001.2,4,6.11,2,0
627,28,48816.95,5,6.45,3,0
628,38,92025.41,2,2.07,4,0
629,41,61696.39,3,5.61,4,1
630,53,81319.34,7,2.91,2,0
631,20,72118.32,5,17.75,7,0
632,58,38841.08,3,6.52,5,1
633,38,43911.25,1,2.56,3,0
634,35,85749.02,3,3.65,3,0
635,28,51630.62,4,4.7,4,0
636,20,49908.79,1,3.43,5,0
637,50,36121.94,3,1.96,2,0
638,41,70589.98,3,6.81,3,1
639,25,111563.12,4,8.84,6,1
640,24,33311.68,1,9.36,3,0
641,36,60605.49,2,8.04,4,0
642,60,95305.51,3,2.0,6,1
643,37,58008.97,2,8.07,5,0
644,22,71309.29,1,8.04,3,0
645,37,33440.16,1,6.96,5,0
646,37,70707.68,3,9.88,1,0
647,18,55321.39,0,2.69,5,0
648,39,84643.25,3,3.77,4,0
649,37,89684.65,1,9.25,6,0
650,48,124739.09,1,4.64,7,1
651,62,74490.83,7,2.97,7,0
652,54,68144.91,3,6.19,6,1
653,37,64859.61,2,11.92,4,0
654,27,51170.84,4,2.77,4,0
655,71,68462.1,4,18.1,4,0
656,41,52614.96,0,2.53,5,0
657,40,64211.52,3,4.43,6,1
658,40,92939.94,3,13.69,3,0
659,42,34836.44,7,4.98,7,0
660,38,88496.96,3,9.81,6,0
661,33,92927.88,2,1.26,8,1
662,33,57048.29,4,3.38,6,0
663,40,20000.0,2,5.56,3,0
664,33,44804.45,2,1.08,2,0
665,31,92424.86,3,1.5,2,0
666,41,59428.3,0,8.32,3,0
667,37,35017.44,0,3.99,5,0
668,58,47380.63,3,3.33,6,0
669,18,81015.5,4,3.51,6,0
670,53,73668.34,6,15.78,5,1
671,55,54026.7,4,9.8,0,0
672,18,50829.39,2,7.83,3,0
673,36,50206.05,2,4.57,2,0
674,36,36939.75,8,1.03,4,0
675,23,100384.39,4,4.95,4,0
676,31,51941.99,3,3.79,2,0
677,27,90428.96,1,0.84,4,0
678,61,98032.9,2,16.57,3,0
679,51,84957.77,1,9.41,5,1
680,55,49209.49,3,7.23,4,0
681,49,70093.25,4,0.76,4,0
682,26,59395.11,0,11.12,4,0
683,34,37407.45,2,3.71,7,0
684,46,68108.98,5,3.42,3,0
685,25,30524.01,5,6.69,4,0
686,49,89691.98,3,5.57,5,0
687,37,48384.57,1,1.32,4,0
688,36,65028.99,3,4.07,7,0
689,49,67082.2,2,1.4,4,0
690,45,53527.38,5,1.52,4,0
691,36,74667.35,1,6.9,2,0
692,54,48127.41,3,4.99,5,0
693,27,81782.43,3,13.86,3,1
694,47,26350.51,4,2.1,3,0
695,47,63159.49,2,15.12,4,0
696,36,108473.22,2,2.83,4,0
697,44,34991.72,1,3.23,2,0
698,25,43056.38,0,2.31,5,0
699,51,72847.7,2,6.24,5,0
700,38,64489.54,2,8.44,3,0
701,34,68765.75,1,2.73,4,0
702,53,72229.68,5,13.22,5,1
703,32,75868.04,7,1.97,4,0
704,23,87742.5,2,5.18,4,0
705,21,70245.47,2,7.36,3,1
706,47,53968.56,2,9.75,5,0
707,25,76814.34,1,12.31,7,0
708,61,107497.05,2,4.15,5,1
709,18,56684.16,2,7.44,2,0
710,60,35636.77,5,7.56,4,0
711,43,87677.02,0,2.35,6,0
712,39,56990.47,3,4.21,2,0
713,33,20000.0,2,2.01,8,0
714,45,81185.54,5,3.33,7,0
715,40,46616.8,3,4.44,2,0
716,53,57736.67,5,7.28,7,0
717,41,68299.51,6,3.3,4,1
718,42,64762.49,3,9.7,6,0
719,36,77736.3,5,1.31,4,0
720,39,49112.84,2,3.48,4,0
721,44,72827.64,0,3.03,5,0
722,19,53511.33,6,9.37,5,0
723,24,78470.26,5,3.84,1,0
724,49,75384.19,3,3.25,5,1
725,42,36614.03,6,1.56,3,0
726,38,87149.55,3,7.79,3,0
727,40,46600.91,1,0.91,4,0
728,44,80201.44,0,8.0,4,1
729,34,69182.18,2,4.48,3,0
730,31,105954.59,2,3.12,2,1
731,42,54413.35,4,3.7,2,0
732,28,51267.08,5,3.84,1,0
733,45,59514.51,1,3.79,4,0
734,20,52420.51,4,0.5,7,0
735,52,79998.55,3,9.92,2,0
736,46,20000.0,2,1.77,7,0
737,43,33657.94,3,1.97,5,0
738,52,33304.93,2,3.98,5,0
739,60,83757.69,3,8.52,5,0
740,52,102765.33,5,5.98,6,0
741,18,57388.77,2,2.05,2,0
742,25,55779.46,5,12.67,4,1
743,33,61751.3,1,4.17,5,0
744,40,89046.96,0,15.89,5,0
745,46,36816.17,4,6.86,6,0
746,31,65959.22,6,7.06,2,1
747,42,84379.94,4,2.54,5,0
748,31,72527.35,3,0.83,4,1
749,33,64739.54,5,2.21,4,0
750,23,85026.15,2,8.77,3,0
751,29,20000.0,2,5.71,5,0
752,24,76946.88,2,1.52,6,1
753,28,43648.11,4,15.6,4,0
754,53,20000.0,3,5.19,6,0
755,29,72780.06,5,5.85,4,1
756,72,94341.46,2,7.54,2,0
757,46,56563.79,2,2.76,2,0
758,42,83821.86,3,11.95,2,0
759,30,100306.96,3,1.04,4,0
760,48,92872.86,4,7.65,3,0
761,33,100999.11,1,22.7,5,1
762,41,78553.19,0,0.7,5,0
763,71,61885.84,1,1.28,2,0
764,39,20000.0,4,9.33,3,0
765,54,53848.44,3,0.83,3,0
766,32,38918.84,4,7.2,4,0
767,40,114273.57,1,5.04,2,0
768,61,55602.85,5,7.59,2,0
769,32,63080.12,3,2.85,7,0
770,62,73787.13,4,4.19,6,0
771,48,61090.06,4,5.27,3,0
772,33,102376.28,4,9.23,4,0
773,48,44433.77,1,2.01,4,0
774,52,64865.19,4,3.22,6,1
775,47,41438.24,3,3.33,4,0
776,21,26999.44,2,11.21,2,0
777,31,44705.77,5,1.07,5,0
778,37,59074.08,4,13.85,4,1
779,39,49267.44,3,7.79,3,0
780,47,42689.48,4,6.83,4,0
781,42,24842.06,4,2.08,4,0
782,24,57922.36,3,7.99,3,0
783,45,22381.99,1,4.48,3,0
784,47,79001.4,2,5.49,4,0
785,47,62060.99,0,14.6,1,0
786,53,23561.21,4,4.12,5,0
787,50,52269.77,1,12.75,3,0
788,46,41196.09,5,3.8,2,0
789,39,67979.36,1,1.86,5,0
790,20,93511.26,4,1.47,5,0
791,45,20000.0,1,5.9,6,0
792,42,62875.65,6,8.39,4,0
793,43,55996.68,4,7.66,3,1
794,25,76783.5,1,10.22,5,0
795,27,65329.92,3,7.02,5,0
796,53,41200.77,3,1.33,3,0
797,40,52023.65,4,5.91,6,0
798,48,40099.35,2,2.88,2,0
799,40,86900.18,4,5.18,8,1
800,40,60532.79,3,3.71,6,0
801,51,107529.77,3,3.29,5,1
802,34,58483.48,2,3.9,7,0
803,41,42289.83,4,13.69,5,1
804,34,22157.14,3,0.54,3,0
805,35,20000.0,1,1.57,4,0
806,36,20396.6,1,1.75,2,0
807,43,66678.17,2,3.64,4,0
808,34,72718.13,2,7.3,5,1
809,55,20470.23,1,3.46,4,0
810,29,82375.96,6,7.97,3,0
811,38,47923.47,2,9.77,5,0
812,35,63669.83,5,0.88,6,1
813,57,100305.52,7,9.46,2,1
814,42,82420.98,5,8.16,4,1
815,52,53286.73,4,10.75,3,0
816,22,37720.19,3,4.41,5,0
817,43,20000.0,4,5.55,2,0
818,51,42021.17,1,8.26,5,0
819,41,54721.74,2,5.24,3,0
820,53,35320.51,4,0.98,3,0
821,34,56718.58,1,1.85,7,0
822,57,61921.3,4,4.47,1,0
823,68,54378.6,6,13.46,4,0
824,36,43749.94,3,6.77,1,0
825,35,64216.37,1,2.44,4,0
826,57,71048.52,2,2.63,4,0
827,59,32740.02,4,2.73,3,0
828,34,95273.31,3,3.76,2,0
829,35,57535.3,1,4.01,4,0
830,37,60471.24,7,3.8,5,0
831,24,77705.36,2,3.88,5,0
832,29,65830.4,5,1.02,4,1
833,28,83828.42,6,1.04,5,0
834,31,67178.1,1,3.04,3,0
835,40,44689.07,0,1.57,3,0
836,43,69037.59,2,3.84,3,0
837,59,31406.84,3,8.01,3,0
838,28,62713.99,5,10.49,3,1
839,52,59169.25,0,7.97,4,0
840,37,54797.08,0,4.68,4,0
841,39,56786.56,3,7.03,7,0
842,48,20000.0,4,4.55,3,0
843,27,46281.88,3,4.0,5,0
844,45,62321.12,4,7.12,6,0
845,42,63996.41,3,3.59,4,0
846,46,34308.12,5,1.03,3,0
847,43,91642.7,6,3.46,3,0
848,69,38345.63,3,0.85,1,1
849,32,84236.43,4,3.3,3,0
850,34,70679.86,1,6.02,5,0
851,33,43844.32,3,5.58,2,0
852,33,104382.77,3,4.68,3,0
853,32,30159.08,2,4.03,5,0
854,54,82978.85,4,5.71,5,0
855,57,85014.56,3,7.08,4,0
856,33,43234.49,5,3.33,5,0
857,30,94811.63,3,1.55,4,0
858,46,53748.84,3,5.86,3,0
859,33,67217.34,2,1.81,4,0
860,48,66508.05,0,2.11,4,0
861,42,56642.28,4,8.64,7,0
862,22,80270.21,3,5.73,2,0
863,59,79837.22,2,12.0,4,1
864,62,20000.0,4,9.57,3,0
865,33,92608.51,6,4.69,4,1
866,35,20000.0,4,8.78,1,0
867,43,85813.66,4,1.72,3,0
868,44,88167.63,2,4.07,6,0
869,48,32725.84,1,4.82,4,0
870,64,49729.64,1,3.63,4,0
871,38,32357.38,1,8.4,3,0
872,30,54626.97,4,5.99,3,0
873,23,52299.14,3,5.86,4,0
874,31,79491.51,4,13.05,6,1
875,40,92757.72,4,4.71,7,0
876,62,94892.1,2,9.96,4,0
877,34,45945.8,6,10.17,4,0
878,43,54769.45,3,7.66,6,1
879,40,20000.0,1,12.71,4,0
880,54,39853.25,3,5.25,4,0
881,70,84121.29,2,6.05,3,0
882,34,100389.57,2,2.74,5,1
883,34,29141.28,3,3.39,4,0
884,53,45188.39,3,5.79,6,0
885,48,59339.86,3,3.66,5,0
886,62,67004.03,3,6.62,3,1
887,47,39759.91,6,4.85,5,0
888,36,70601.53,6,10.18,6,1
889,47,48154.02,3,4.55,3,0
890,53,59638.69,3,9.48,3,0
891,50,73657.11,3,1.13,0,0
892,46,60160.56,2,2.51,4,0
893,53,49090.35,3,5.83,4,0
894,54,57259.75,3,3.32,4,0
895,57,57790.93,3,4.65,3,0
896,48,50749.72,1,4.35,6,0
897,38,53530.1,4,4.27,3,0
898,42,99966.18,1,1.14,3,0
899,54,74022.99,4,5.31,4,0
900,30,52612.99,2,14.11,4,0
901,44,77423.86,2,4.99,3,0
902,35,51654.51,5,4.96,3,0
903,40,89328.12,4,14.99,3,1
904,55,69241.05,1,22.0,5,0
905,42,57317.45,1,2.15,5,0
906,41,71192.92,5,15.81,4,1
907,24,20728.1,3,4.38,5,0
908,49,31830.81,1,1.66,5,0
909,48,30151.87,1,8.39,2,0
910,66,63573.58,5,1.46,7,0
911,36,103312.87,4,4.09,6,1
912,43,115782.5,4,3.7,3,0
913,43,75951.28,1,5.04,3,0
914,59,72521.11,0,1.41,2,0
915,39,20000.0,4,1.12,2,0
916,43,46433.16,2,8.31,5,0
917,47,40305.41,4,10.7,4,1
918,42,44478.81,1,11.23,5,0
919,35,55796.4,1,0.98,5,0
920,42,48197.74,4,2.76,5,0
921,53,20000.0,2,19.75,5,0
922,28,78697.76,1,2.24,1,0
923,42,33181.42,1,0.96,3,0
924,32,65981.17,3,3.16,5,0
925,54,111852.07,4,0.5,1,0
926,22,37015.39,2,0.81,1,0
927,33,20000.0,2,2.96,6,0
928,45,52849.89,4,3.06,5,0
929,59,87523.99,3,0.74,3,0
930,39,108958.69,1,11.15,5,1
931,33,29261.26,1,3.39,6,0
932,63,72417.48,3,3.59,3,0
933,23,48367.24,2,3.4,1,0
934,18,57351.29,3,4.67,7,1
935,45,126108.58,2,15.43,3,1
936,34,22425.74,6,7.21,2,0
937,28,66343.49,7,4.97,4,1
938,49,71692.33,4,1.78,5,0
939,43,87144.66,2,2.35,3,0
940,33,62449.58,2,3.53,3,0
941,25,67701.26,0,3.35,3,0
942,50,50208.79,5,7.01,8,1
943,48,66728.17,2,0.86,3,0
944,39,51420.19,4,8.77,4,0
945,62,75539.3,4,3.92,7,0
946,27,50759.74,4,1.46,2,0
947,22,69427.51,5,5.05,7,0
948,32,59268.43,3,3.9,7,0
949,39,88151.26,3,2.51,6,1
950,43,58715.16,5,3.26,3,1
951,37,20000.0,4,9.67,5,0
952,44,91548.04,3,14.84,5,1
953,25,37356.69,4,5.12,8,0
954,57,43655.84,3,9.07,3,0
955,39,45108.47,3,7.81,5,0
956,53,94360.95,4,9.65,3,0
957,44,20000.0,3,4.34,3,0
958,45,138443.71,1,8.25,4,0
959,47,86401.42,3,6.49,6,0
960,45,65580.97,2,2.54,4,0
961,48,58627.65,2,8.29,4,0
962,56,67138.85,4,2.84,9,1
963,42,73028.06,4,13.77,4,1
964,49,76130.39,1,2.42,5,0
965,39,73890.11,7,3.14,4,0
966,57,62239.52,3,2.3,4,0
967,32,55066.54,2,14.83,5,0
968,62,56218.17,6,13.69,7,1
969,40,55127.29,0,5.1,4,0
970,23,88344.25,6,2.82,5,1
971,42,74838.92,3,5.95,2,0
972,32,20000.0,3,2.4,3,1
973,50,76397.52,5,3.57,4,1
974,32,64868.4,5,7.4,1,0
975,35,59532.28,2,3.61,3,0
976,18,50287.04,4,4.97,4,0
977,35,88102.82,3,7.56,1,0
978,18,83688.16,6,7.68,3,1
979,21,40678.06,1,3.22,4,0
980,49,70176.31,3,2.72,4,0
981,49,35708.58,5,7.66,7,0
982,45,25509.55,3,4.56,5,0
983,28,44332.07,2,8.41,4,0
984,39,81559.84,0,2.69,7,1
985,40,83828.13,1,3.51,5,0
986,26,72827.14,4,8.82,3,0
987,58,78127.39,6,3.32,2,1
988,51,72904.46,2,8.31,5,0
989,37,43962.96,4,6.27,4,0
990,40,70798.06,1,3.31,6,1
991,43,80010.24,1,15.01,5,0
992,18,78857.28,9,1.88,5,1
993,37,89722.83,2,5.08,8,0
994,32,77707.6,2,4.5,4,0
995,28,68786.21,3,0.89,2,0
996,37,86753.76,4,3.97,6,1
997,62,59336.97,2,10.91,3,0
998,48,37953.13,1,4.09,5,0
999,33,55923.33,2,3.87,7,0
1000,47,41377.43,1,11.86,5,0
