country,date,total_renewable_production
Brazil,2015-01-01,35889.107
Brazil,2015-02-01,31250.862999999998
Brazil,2015-03-01,33476.327
Brazil,2015-04-01,30566.555999999997
Brazil,2015-05-01,30232.869000000002
Brazil,2015-06-01,27811.496
Brazil,2015-07-01,29442.182999999997
Brazil,2015-08-01,30309.79
Brazil,2015-09-01,30460.172
Brazil,2015-10-01,32828.363000000005
Brazil,2015-11-01,31190.618
Brazil,2015-12-01,33143.108
Brazil,2016-01-01,34510.087999999996
Brazil,2016-02-01,34439.335999999996
Brazil,2016-03-01,38467.435000000005
Brazil,2016-04-01,35683.667
Brazil,2016-05-01,33694.02
Brazil,2016-06-01,31885.975000000002
Brazil,2016-07-01,32943.662
Brazil,2016-08-01,32908.791
Brazil,2016-09-01,31487.930999999997
Brazil,2016-10-01,33132.756
Brazil,2016-11-01,32985.173
Brazil,2016-12-01,37156.085999999996
Brazil,2017-01-01,40243.014
Brazil,2017-02-01,37586.914000000004
Brazil,2017-03-01,39376.564
Brazil,2017-04-01,33683.108
Brazil,2017-05-01,33593.339
Brazil,2017-06-01,33035.162
Brazil,2017-07-01,30836.283
Brazil,2017-08-01,30406.294
Brazil,2017-09-01,30956.147
Brazil,2017-10-01,31880.746
Brazil,2017-11-01,31325.385
Brazil,2017-12-01,36059.011
Brazil,2018-01-01,39515.580040999994
Brazil,2018-02-01,36372.124978
Brazil,2018-03-01,41187.724593
Brazil,2018-04-01,37338.521631999996
Brazil,2018-05-01,35553.41463
Brazil,2018-06-01,32049.615021999998
Brazil,2018-07-01,32486.160490000002
Brazil,2018-08-01,32542.608982
Brazil,2018-09-01,31880.227718000002
Brazil,2018-10-01,36164.165263
Brazil,2018-11-01,38669.731099
Brazil,2018-12-01,41723.327609
Brazil,2019-01-01,45889.143263
Brazil,2019-02-01,38581.172074999995
Brazil,2019-03-01,41427.099531
Brazil,2019-04-01,39819.020037
Brazil,2019-05-01,40068.206604
Brazil,2019-06-01,36363.000619
Brazil,2019-07-01,34253.389092
Brazil,2019-08-01,33448.10622
Brazil,2019-09-01,34468.769327
Brazil,2019-10-01,36881.412477
Brazil,2019-11-01,35944.078351000004
Brazil,2019-12-01,38768.687825
Brazil,2020-01-01,40541.900157
Brazil,2020-02-01,40800.146628
Brazil,2020-03-01,42472.712326
Brazil,2020-04-01,35282.461459
Brazil,2020-05-01,35205.215877
Brazil,2020-06-01,35130.882465999995
Brazil,2020-07-01,38634.243894
Brazil,2020-08-01,39028.354508
Brazil,2020-09-01,40590.505133
Brazil,2020-10-01,38678.101535999995
Brazil,2020-11-01,34580.291204
Brazil,2020-12-01,38541.638502
Brazil,2021-01-01,38378.639729
Brazil,2021-02-01,36527.602305
Brazil,2021-03-01,42291.737583
Brazil,2021-04-01,37717.047403
Brazil,2021-05-01,36769.40688
Brazil,2021-06-01,32718.140651
Brazil,2021-07-01,31981.434658
Brazil,2021-08-01,31774.208885
Brazil,2021-09-01,32170.548892
Brazil,2021-10-01,32097.288493
Brazil,2021-11-01,34273.491258
Brazil,2021-12-01,39605.850536
Brazil,2022-01-01,45255.543737
Brazil,2022-02-01,43892.827654
Brazil,2022-03-01,49182.274654
Brazil,2022-04-01,45131.729539
Brazil,2022-05-01,43643.133204
Brazil,2022-06-01,41412.540892000005
Brazil,2022-07-01,43429.450811
Brazil,2022-08-01,43364.103692
Brazil,2022-09-01,42416.441164
Brazil,2022-10-01,43699.814104
Brazil,2022-11-01,42573.634759
Brazil,2022-12-01,46929.164247
Canada,2010-01-01,38520.219
Canada,2010-02-01,33898.721
Canada,2010-03-01,33094.676
Canada,2010-04-01,28996.313000000002
Canada,2010-05-01,27166.489999999998
Canada,2010-06-01,26154.772
Canada,2010-07-01,27149.536
Canada,2010-08-01,25190.252
Canada,2010-09-01,23143.637
Canada,2010-10-01,26252.751
Canada,2010-11-01,30462.262000000002
Canada,2010-12-01,36869.373
Canada,2011-01-01,38527.071
Canada,2011-02-01,34790.25
Canada,2011-03-01,35624.350999999995
Canada,2011-04-01,30934.536
Canada,2011-05-01,30088.092
Canada,2011-06-01,28155.315
Canada,2011-07-01,30139.890000000003
Canada,2011-08-01,29423.156
Canada,2011-09-01,26952.386000000002
Canada,2011-10-01,28836.409
Canada,2011-11-01,31749.053999999996
Canada,2011-12-01,37534.489
Canada,2012-01-01,39461.03999999999
Canada,2012-02-01,34701.787
Canada,2012-03-01,34009.283
Canada,2012-04-01,31000.149999999998
Canada,2012-05-01,30190.380999999998
Canada,2012-06-01,28754.586
Canada,2012-07-01,31095.365
Canada,2012-08-01,30772.262000000002
Canada,2012-09-01,27864.726000000002
Canada,2012-10-01,30890.941
Canada,2012-11-01,33436.594
Canada,2012-12-01,36494.884000000005
Canada,2013-01-01,41285.674
Canada,2013-02-01,36808.244
Canada,2013-03-01,37412.796
Canada,2013-04-01,32573.951
Canada,2013-05-01,31174.452
Canada,2013-06-01,30062.456
Canada,2013-07-01,30879.288
Canada,2013-08-01,30697.134
Canada,2013-09-01,28638.788
Canada,2013-10-01,30955.789999999997
Canada,2013-11-01,35795.697
Canada,2013-12-01,40980.731
Canada,2014-01-01,42520.371999999996
Canada,2014-02-01,37557.661
Canada,2014-03-01,38588.517
Canada,2014-04-01,32903.85
Canada,2014-05-01,30383.843
Canada,2014-06-01,29019.087
Canada,2014-07-01,30169.943
Canada,2014-08-01,30275.998000000003
Canada,2014-09-01,28378.239
Canada,2014-10-01,29118.094
Canada,2014-11-01,34675.391
Canada,2014-12-01,39624.003000000004
Canada,2015-01-01,43811.398
Canada,2015-02-01,39000.186
Canada,2015-03-01,38555.009999999995
Canada,2015-04-01,33768.612
Canada,2015-05-01,30554.827
Canada,2015-06-01,29520.929
Canada,2015-07-01,30401.155000000002
Canada,2015-08-01,30044.943
Canada,2015-09-01,29772.913999999997
Canada,2015-10-01,31688.758
Canada,2015-11-01,33534.202
Canada,2015-12-01,37405.066999999995
Canada,2016-01-01,42211.939000000006
Canada,2016-02-01,38496.79
Canada,2016-03-01,37341.19
Canada,2016-04-01,32993.859
Canada,2016-05-01,32092.531
Canada,2016-06-01,31163.088
Canada,2016-07-01,31737.334
Canada,2016-08-01,31681.265
Canada,2016-09-01,29609.994
Canada,2016-10-01,31465.276
Canada,2016-11-01,35269.561
Canada,2016-12-01,42259.17
Canada,2017-01-01,43088.347
Canada,2017-02-01,38160.843
Canada,2017-03-01,41076.212999999996
Canada,2017-04-01,34095.459
Canada,2017-05-01,32129.321
Canada,2017-06-01,31130.986999999997
Canada,2017-07-01,32601.568
Canada,2017-08-01,32685.484
Canada,2017-09-01,30845.279000000002
Canada,2017-10-01,30528.955
Canada,2017-11-01,36219.517
Canada,2017-12-01,42931.026
Canada,2018-01-01,43522.505697
Canada,2018-02-01,37605.501592
Canada,2018-03-01,38205.603974000005
Canada,2018-04-01,33615.501316
Canada,2018-05-01,32159.724742000002
Canada,2018-06-01,30725.789361
Canada,2018-07-01,32767.972822
Canada,2018-08-01,31810.617849000002
Canada,2018-09-01,28678.86312
Canada,2018-10-01,32130.041297
Canada,2018-11-01,36673.678201
Canada,2018-12-01,40867.200028
Canada,2019-01-01,43677.914541000006
Canada,2019-02-01,39580.932292
Canada,2019-03-01,38157.188114000004
Canada,2019-04-01,32729.448513
Canada,2019-05-01,31001.429659999998
Canada,2019-06-01,28818.051166999998
Canada,2019-07-01,31255.13348
Canada,2019-08-01,30315.674191000002
Canada,2019-09-01,28407.48644
Canada,2019-10-01,29882.119129000002
Canada,2019-11-01,37089.757745
Canada,2019-12-01,41439.864727
Canada,2020-01-01,41564.316905
Canada,2020-02-01,39705.071352
Canada,2020-03-01,38837.304725
Canada,2020-04-01,32349.666748
Canada,2020-05-01,31565.336043
Canada,2020-06-01,30946.621203000002
Canada,2020-07-01,33584.039617
Canada,2020-08-01,32314.997617
Canada,2020-09-01,29385.405372999998
Canada,2020-10-01,32704.542412
Canada,2020-11-01,35592.771561
Canada,2020-12-01,42363.873432
Canada,2021-01-01,43166.135532
Canada,2021-02-01,39743.604325
Canada,2021-03-01,40230.353926
Canada,2021-04-01,33273.974557
Canada,2021-05-01,32145.440867999998
Canada,2021-06-01,31288.626495
Canada,2021-07-01,31773.81623
Canada,2021-08-01,30691.18217
Canada,2021-09-01,28977.883421
Canada,2021-10-01,30842.795401
Canada,2021-11-01,34349.539376
Canada,2021-12-01,40996.163416
Canada,2022-01-01,44238.826294
Canada,2022-02-01,38831.779542
Canada,2022-03-01,39481.693881
Canada,2022-04-01,35030.286295
Canada,2022-05-01,33291.682469
Canada,2022-06-01,32642.296557
Canada,2022-07-01,34325.718368
Canada,2022-08-01,34918.003378
Canada,2022-09-01,30948.884992
Canada,2022-10-01,32835.343285
Canada,2022-11-01,37197.606232
Canada,2022-12-01,42789.862998
France,2010-01-01,6969.24
France,2010-02-01,6816.083
France,2010-03-01,7456.307
France,2010-04-01,6534.277999999999
France,2010-05-01,7262.451
France,2010-06-01,7928.271000000001
France,2010-07-01,5986.157999999999
France,2010-08-01,5089.269
France,2010-09-01,4186.839
France,2010-10-01,5112.083
France,2010-11-01,6454.57
France,2010-12-01,7938.0109999999995
France,2011-01-01,7369.0380000000005
France,2011-02-01,5109.909
France,2011-03-01,5885.543
France,2011-04-01,5159.12
France,2011-05-01,4566.719
France,2011-06-01,5588.763
France,2011-07-01,5371.287
France,2011-08-01,4843.058
France,2011-09-01,4329.746999999999
France,2011-10-01,4560.5560000000005
France,2011-11-01,4932.611
France,2011-12-01,7787.013000000001
France,2012-01-01,8561.423
France,2012-02-01,6660.55
France,2012-03-01,5502.351000000001
France,2012-04-01,7590.035
France,2012-05-01,9482.573
France,2012-06-01,8455.659
France,2012-07-01,6515.370000000001
France,2012-08-01,5123.323
France,2012-09-01,4980.0509999999995
France,2012-10-01,6155.556
France,2012-11-01,6233.237
France,2012-12-01,8817.003
France,2013-01-01,8480.022
France,2013-02-01,8666.969
France,2013-03-01,8472.231
France,2013-04-01,9533.316
France,2013-05-01,10545.095
France,2013-06-01,9306.598
France,2013-07-01,8134.902
France,2013-08-01,5993.795
France,2013-09-01,5556.011
France,2013-10-01,6843.695000000001
France,2013-11-01,8436.243
France,2013-12-01,7969.883000000001
France,2014-01-01,9589.731
France,2014-02-01,10021.554
France,2014-03-01,9029.018
France,2014-04-01,7703.213
France,2014-05-01,8616.197
France,2014-06-01,6957.7
France,2014-07-01,8091.235000000001
France,2014-08-01,7185.57
France,2014-09-01,5243.534
France,2014-10-01,5650.835
France,2014-11-01,6754.1759999999995
France,2014-12-01,8140.667
France,2015-01-01,8903.175
France,2015-02-01,8820.606
France,2015-03-01,9241.195
France,2015-04-01,8165.342000000001
France,2015-05-01,9129.499
France,2015-06-01,8035.41
France,2015-07-01,6595.035
France,2015-08-01,5584.562
France,2015-09-01,5944.966
France,2015-10-01,5813.513
France,2015-11-01,6587.369
France,2015-12-01,6689.723
France,2016-01-01,9027.591
France,2016-02-01,10506.923999999999
France,2016-03-01,9999.639
France,2016-04-01,9222.684
France,2016-05-01,9276.358
France,2016-06-01,9469.643
France,2016-07-01,7633.237999999999
France,2016-08-01,6305.982
France,2016-09-01,5362.0470000000005
France,2016-10-01,5218.962
France,2016-11-01,7020.7970000000005
France,2016-12-01,6460.255
France,2017-01-01,7826.339
France,2017-02-01,7780.63
France,2017-03-01,9919.65
France,2017-04-01,6874.539
France,2017-05-01,8526.056999999999
France,2017-06-01,7952.282
France,2017-07-01,6975.789
France,2017-08-01,6009.454
France,2017-09-01,5762.404
France,2017-10-01,5688.438
France,2017-11-01,6835.7390000000005
France,2017-12-01,9139.324999999999
France,2018-01-01,12024.841314
France,2018-02-01,10801.476574
France,2018-03-01,11369.631894
France,2018-04-01,10456.020854
France,2018-05-01,10708.55586
France,2018-06-01,10465.616001
France,2018-07-01,7983.560418
France,2018-08-01,6792.267456
France,2018-09-01,5918.620361
France,2018-10-01,6351.527414
France,2018-11-01,7351.2561000000005
France,2018-12-01,9463.802753
France,2019-01-01,8591.898368
France,2019-02-01,8663.306261
France,2019-03-01,10988.876582
France,2019-04-01,8114.540178
France,2019-05-01,9316.735772
France,2019-06-01,9247.720129
France,2019-07-01,7775.526753
France,2019-08-01,7031.614203
France,2019-09-01,6716.742166
France,2019-10-01,8248.462707
France,2019-11-01,10501.255371
France,2019-12-01,13223.206506
France,2020-01-01,11140.386603
France,2020-02-01,13101.399286
France,2020-03-01,13079.390603
France,2020-04-01,8830.663537
France,2020-05-01,11097.388586
France,2020-06-01,10082.800473
France,2020-07-01,8547.709547
France,2020-08-01,7366.48651
France,2020-09-01,6860.110022
France,2020-10-01,10376.81625
France,2020-11-01,8448.404255
France,2020-12-01,10572.11783
France,2021-01-01,11880.126548
France,2021-02-01,11942.722725
France,2021-03-01,11067.233041
France,2021-04-01,8658.888015
France,2021-05-01,11963.25201
France,2021-06-01,9360.958271
France,2021-07-01,9758.758047
France,2021-08-01,8464.627398
France,2021-09-01,6622.986346
France,2021-10-01,7844.579765
France,2021-11-01,7508.904674
France,2021-12-01,10317.979204
France,2022-01-01,9997.154544
France,2022-02-01,10825.133547
France,2022-03-01,9607.967262
France,2022-04-01,10652.985282
France,2022-05-01,9581.216379
France,2022-06-01,8331.910294
France,2022-07-01,8185.298973
France,2022-08-01,7271.620643
France,2022-09-01,6747.687468
France,2022-10-01,7923.736837
France,2022-11-01,9422.002268
France,2022-12-01,10170.518697
Germany,2010-01-01,5410.967000000001
Germany,2010-02-01,6010.932
Germany,2010-03-01,8132.665999999999
Germany,2010-04-01,6459.696
Germany,2010-05-01,6094.396000000001
Germany,2010-06-01,5996.377
Germany,2010-07-01,5789.432
Germany,2010-08-01,6942.278
Germany,2010-09-01,6412.294
Germany,2010-10-01,6942.97
Germany,2010-11-01,6362.371
Germany,2010-12-01,5956.622
Germany,2011-01-01,6588.1720000000005
Germany,2011-02-01,7413.740999999999
Germany,2011-03-01,6911.549999999999
Germany,2011-04-01,7901.794
Germany,2011-05-01,7748.650000000001
Germany,2011-06-01,7086.853
Germany,2011-07-01,8419.936
Germany,2011-08-01,7658.848
Germany,2011-09-01,7054.7429999999995
Germany,2011-10-01,7898.991
Germany,2011-11-01,5630.741999999999
Germany,2011-12-01,11221.978000000001
Germany,2012-01-01,10767.795
Germany,2012-02-01,7978.199999999999
Germany,2012-03-01,8918.366
Germany,2012-04-01,8466.817000000001
Germany,2012-05-01,9652.552
Germany,2012-06-01,9338.24
Germany,2012-07-01,8796.649
Germany,2012-08-01,8102.081999999999
Germany,2012-09-01,8236.851
Germany,2012-10-01,8036.635
Germany,2012-11-01,7283.900000000001
Germany,2012-12-01,8769.914
Germany,2013-01-01,8529.024
Germany,2013-02-01,6372.723
Germany,2013-03-01,9934.654
Germany,2013-04-01,9430.208
Germany,2013-05-01,9393.616
Germany,2013-06-01,10736.569
Germany,2013-07-01,9417.762
Germany,2013-08-01,8789.224
Germany,2013-09-01,8568.032
Germany,2013-10-01,10169.805
Germany,2013-11-01,7832.995
Germany,2013-12-01,11923.389000000001
Germany,2014-01-01,9892.736
Germany,2014-02-01,10483.08
Germany,2014-03-01,10581.506
Germany,2014-04-01,9727.242
Germany,2014-05-01,10875.198
Germany,2014-06-01,9892.829
Germany,2014-07-01,9762.619
Germany,2014-08-01,10492.306999999999
Germany,2014-09-01,8170.11
Germany,2014-10-01,8557.737
Germany,2014-11-01,7746.138
Germany,2014-12-01,12346.499
Germany,2015-01-01,12676.678
Germany,2015-02-01,8765.929
Germany,2015-03-01,12754.863
Germany,2015-04-01,12752.666000000001
Germany,2015-05-01,13027.612
Germany,2015-06-01,11734.883
Germany,2015-07-01,13426.747
Germany,2015-08-01,10845.315
Germany,2015-09-01,10787.474
Germany,2015-10-01,7855.401
Germany,2015-11-01,13475.127
Germany,2015-12-01,14261.307999999999
Germany,2016-01-01,12551.117
Germany,2016-02-01,14058.136999999999
Germany,2016-03-01,11081.687
Germany,2016-04-01,12704.65
Germany,2016-05-01,14141.042
Germany,2016-06-01,12482.06
Germany,2016-07-01,12365.849
Germany,2016-08-01,12015.028
Germany,2016-09-01,10076.001
Germany,2016-10-01,8779.506000000001
Germany,2016-11-01,10703.444000000001
Germany,2016-12-01,11384.477
Germany,2017-01-01,10317.443
Germany,2017-02-01,13302.489000000001
Germany,2017-03-01,15228.701000000001
Germany,2017-04-01,14399.83
Germany,2017-05-01,13225.914
Germany,2017-06-01,15226.244999999999
Germany,2017-07-01,13199.905
Germany,2017-08-01,13038.741
Germany,2017-09-01,12100.812
Germany,2017-10-01,17231.459
Germany,2017-11-01,13704.32
Germany,2017-12-01,18184.146
Germany,2018-01-01,17759.742319999998
Germany,2018-02-01,12034.125496
Germany,2018-03-01,15748.626367
Germany,2018-04-01,16711.754753
Germany,2018-05-01,16177.530015
Germany,2018-06-01,13709.185086000001
Germany,2018-07-01,13022.847625
Germany,2018-08-01,13422.063127
Germany,2018-09-01,14155.80964
Germany,2018-10-01,15277.152243999999
Germany,2018-11-01,12526.840818
Germany,2018-12-01,16957.322513000003
Germany,2019-01-01,16892.217059
Germany,2019-02-01,14714.713186
Germany,2019-03-01,22213.753933
Germany,2019-04-01,16670.389981999997
Germany,2019-05-01,15832.317373
Germany,2019-06-01,15733.935469
Germany,2019-07-01,14626.443695
Germany,2019-08-01,13516.131876
Germany,2019-09-01,15063.454531
Germany,2019-10-01,16275.389711000002
Germany,2019-11-01,12969.123186
Germany,2019-12-01,18201.13
Germany,2020-01-01,18953.725933
Germany,2020-02-01,24310.597618
Germany,2020-03-01,20733.561838999998
Germany,2020-04-01,17297.362866
Germany,2020-05-01,16143.276091
Germany,2020-06-01,14493.266205
Germany,2020-07-01,15797.483555
Germany,2020-08-01,14355.957713
Germany,2020-09-01,13101.867709
Germany,2020-10-01,18177.186181
Germany,2020-11-01,14678.471824
Germany,2020-12-01,14175.242466999998
Germany,2021-01-01,13979.452059
Germany,2021-02-01,15317.419556
Germany,2021-03-01,17832.519255
Germany,2021-04-01,16870.431338
Germany,2021-05-01,18546.270569
Germany,2021-06-01,14230.131243
Germany,2021-07-01,14793.57432
Germany,2021-08-01,16021.401946
Germany,2021-09-01,12814.871017
Germany,2021-10-01,18114.270896
Germany,2021-11-01,13135.985712
Germany,2021-12-01,14949.411109
Germany,2022-01-01,18977.324149
Germany,2022-02-01,24806.772586000003
Germany,2022-03-01,15598.397494
Germany,2022-04-01,19147.927757999998
Germany,2022-05-01,17603.948707
Germany,2022-06-01,15651.006168
Germany,2022-07-01,17206.679587
Germany,2022-08-01,13717.256347999999
Germany,2022-09-01,14720.511569
Germany,2022-10-01,16746.258702
Germany,2022-11-01,16361.545556
Germany,2022-12-01,14521.592635
IEA Total,2010-01-01,153324.105
IEA Total,2010-02-01,139919.815
IEA Total,2010-03-01,153084.625
IEA Total,2010-04-01,135786.815
IEA Total,2010-05-01,147097.486
IEA Total,2010-06-01,147741.007
IEA Total,2010-07-01,142148.533
IEA Total,2010-08-01,134676.617
IEA Total,2010-09-01,123500.211
IEA Total,2010-10-01,131326.768
IEA Total,2010-11-01,142004.881
IEA Total,2010-12-01,157572.121
IEA Total,2011-01-01,157441.657
IEA Total,2011-02-01,145920.2
IEA Total,2011-03-01,157354.556
IEA Total,2011-04-01,152480.694
IEA Total,2011-05-01,157874.838
IEA Total,2011-06-01,157789.785
IEA Total,2011-07-01,156860.335
IEA Total,2011-08-01,148702.32
IEA Total,2011-09-01,139241.728
IEA Total,2011-10-01,142573.513
IEA Total,2011-11-01,144298.019
IEA Total,2011-12-01,164768.953
IEA Total,2012-01-01,170296.913
IEA Total,2012-02-01,153674.461
IEA Total,2012-03-01,163892.655
IEA Total,2012-04-01,164635.339
IEA Total,2012-05-01,173278.07200000001
IEA Total,2012-06-01,164616.209
IEA Total,2012-07-01,161792.487
IEA Total,2012-08-01,153068.722
IEA Total,2012-09-01,139039.053
IEA Total,2012-10-01,145005.767
IEA Total,2012-11-01,150541.57799999998
IEA Total,2012-12-01,172353.493
IEA Total,2013-01-01,179688.93899999998
IEA Total,2013-02-01,163540.049
IEA Total,2013-03-01,178283.092
IEA Total,2013-04-01,177675.35700000002
IEA Total,2013-05-01,182162.765
IEA Total,2013-06-01,171963.99300000002
IEA Total,2013-07-01,167961.002
IEA Total,2013-08-01,156784.438
IEA Total,2013-09-01,146328.252
IEA Total,2013-10-01,156962.621
IEA Total,2013-11-01,165916.737
IEA Total,2013-12-01,180144.16700000002
IEA Total,2014-01-01,191450.302
IEA Total,2014-02-01,175362.322
IEA Total,2014-03-01,190647.854
IEA Total,2014-04-01,181906.55
IEA Total,2014-05-01,181267.419
IEA Total,2014-06-01,172318.896
IEA Total,2014-07-01,171838.805
IEA Total,2014-08-01,164921.388
IEA Total,2014-09-01,142366.543
IEA Total,2014-10-01,152366.332
IEA Total,2014-11-01,165441.529
IEA Total,2014-12-01,183842.151
IEA Total,2015-01-01,195032.175235
IEA Total,2015-02-01,178663.544679
IEA Total,2015-03-01,194351.467131
IEA Total,2015-04-01,189461.44561
IEA Total,2015-05-01,195053.104013
IEA Total,2015-06-01,178504.187659
IEA Total,2015-07-01,182398.579041
IEA Total,2015-08-01,169010.313766
IEA Total,2015-09-01,160277.687764
IEA Total,2015-10-01,160719.252695
IEA Total,2015-11-01,175236.431355
IEA Total,2015-12-01,187187.790107
IEA Total,2016-01-01,203443.772361
IEA Total,2016-02-01,204707.99128000002
IEA Total,2016-03-01,205879.72986
IEA Total,2016-04-01,202269.90595
IEA Total,2016-05-01,203117.73338700001
IEA Total,2016-06-01,190078.63586
IEA Total,2016-07-01,189498.482
IEA Total,2016-08-01,180151.763
IEA Total,2016-09-01,165100.639
IEA Total,2016-10-01,168021.434
IEA Total,2016-11-01,175598.212
IEA Total,2016-12-01,195275.395
IEA Total,2017-01-01,202789.406856
IEA Total,2017-02-01,192732.097621
IEA Total,2017-03-01,221096.560926
IEA Total,2017-04-01,208605.546701
IEA Total,2017-05-01,212961.70644399998
IEA Total,2017-06-01,205491.31309
IEA Total,2017-07-01,194972.097192
IEA Total,2017-08-01,188257.565603
IEA Total,2017-09-01,181309.532708
IEA Total,2017-10-01,191434.523349
IEA Total,2017-11-01,190123.873277
IEA Total,2017-12-01,215527.776754
IEA Total,2018-01-01,228635.44148500002
IEA Total,2018-02-01,204305.519333
IEA Total,2018-03-01,234422.640452
IEA Total,2018-04-01,226753.262318
IEA Total,2018-05-01,228370.92307
IEA Total,2018-06-01,214455.79754899998
IEA Total,2018-07-01,196135.326297
IEA Total,2018-08-01,196845.406045
IEA Total,2018-09-01,184379.11682199998
IEA Total,2018-10-01,191441.449563
IEA Total,2018-11-01,198205.237249
IEA Total,2018-12-01,216011.53286
IEA Total,2019-01-01,226499.831329
IEA Total,2019-02-01,207602.379246
IEA Total,2019-03-01,237594.405201
IEA Total,2019-04-01,224893.667628
IEA Total,2019-05-01,233576.848486
IEA Total,2019-06-01,221979.231367
IEA Total,2019-07-01,214821.05737
IEA Total,2019-08-01,204800.73343
IEA Total,2019-09-01,196622.64678900002
IEA Total,2019-10-01,200627.562917
IEA Total,2019-11-01,213071.804397
IEA Total,2019-12-01,235032.901209
IEA Total,2020-01-01,238561.619609
IEA Total,2020-02-01,251343.18285
IEA Total,2020-03-01,253754.62189
IEA Total,2020-04-01,231417.23345200001
IEA Total,2020-05-01,245748.587054
IEA Total,2020-06-01,233735.317048
IEA Total,2020-07-01,231313.798932
IEA Total,2020-08-01,223989.585717
IEA Total,2020-09-01,205953.42525099998
IEA Total,2020-10-01,228115.01735799998
IEA Total,2020-11-01,224102.69009
IEA Total,2020-12-01,242597.908763
IEA Total,2021-01-01,249746.837791
IEA Total,2021-02-01,239999.959363
IEA Total,2021-03-01,263924.40386
IEA Total,2021-04-01,245048.728851
IEA Total,2021-05-01,259839.82573
IEA Total,2021-06-01,234138.169877
IEA Total,2021-07-01,234977.299283
IEA Total,2021-08-01,238101.818313
IEA Total,2021-09-01,215030.760195
IEA Total,2021-10-01,232832.827275
IEA Total,2021-11-01,229770.137002
IEA Total,2021-12-01,260475.13775
IEA Total,2022-01-01,267751.962333
IEA Total,2022-02-01,263636.506692
IEA Total,2022-03-01,271107.383645
IEA Total,2022-04-01,272823.384617
IEA Total,2022-05-01,275101.465752
IEA Total,2022-06-01,261551.923519
IEA Total,2022-07-01,259467.367872
IEA Total,2022-08-01,240379.219252
IEA Total,2022-09-01,225536.978385
IEA Total,2022-10-01,236645.801909
IEA Total,2022-11-01,249362.157227
IEA Total,2022-12-01,252974.048556
India,2015-01-01,7306.691319
India,2015-02-01,7094.811574
India,2015-03-01,8985.087826
India,2015-04-01,13011.633340999999
India,2015-05-01,17717.150801
India,2015-06-01,18737.166109
India,2015-07-01,24470.873616
India,2015-08-01,25871.473181
India,2015-09-01,18063.243725
India,2015-10-01,13364.822978
India,2015-11-01,10187.513852
India,2015-12-01,9677.972466
India,2016-01-01,8771.711257
India,2016-02-01,9545.723567000001
India,2016-03-01,10479.110808
India,2016-04-01,12419.448213
India,2016-05-01,17563.428837
India,2016-06-01,20809.582791
India,2016-07-01,25295.404067
India,2016-08-01,28103.228148000002
India,2016-09-01,22918.920778
India,2016-10-01,17245.031008
India,2016-11-01,11539.549065
India,2016-12-01,10291.961967000001
India,2017-01-01,11044.109746
India,2017-02-01,11871.379521
India,2017-03-01,13459.197379
India,2017-04-01,16725.840659
India,2017-05-01,20703.441596
India,2017-06-01,24191.619662
India,2017-07-01,28943.743963
India,2017-08-01,26832.694369
India,2017-09-01,21835.11249
India,2017-10-01,17722.762804
India,2017-11-01,12915.152634999999
India,2017-12-01,13147.179888
India,2018-01-01,11992.836388
India,2018-02-01,11391.449509
India,2018-03-01,14095.433813
India,2018-04-01,14987.252147
India,2018-05-01,19655.775103
India,2018-06-01,26505.459532
India,2018-07-01,32282.941904
India,2018-08-01,36021.176225
India,2018-09-01,28856.840084
India,2018-10-01,20311.036217
India,2018-11-01,14673.143623
India,2018-12-01,14694.728664999999
India,2019-01-01,14728.366227999999
India,2019-02-01,14790.610341
India,2019-03-01,17192.319217
India,2019-04-01,20277.117693
India,2019-05-01,23386.078566999997
India,2019-06-01,28991.690908
India,2019-07-01,32964.830758
India,2019-08-01,36333.416833
India,2019-09-01,32622.964755
India,2019-10-01,22594.654498
India,2019-11-01,18297.504520000002
India,2019-12-01,18412.480266
India,2020-01-01,17972.299762
India,2020-02-01,18634.097652
India,2020-03-01,19495.488367
India,2020-04-01,20426.674657
India,2020-05-01,28055.168493999998
India,2020-06-01,32175.827295
India,2020-07-01,32225.85124
India,2020-08-01,36196.451083
India,2020-09-01,30031.736804
India,2020-10-01,22805.668722
India,2020-11-01,17982.587838
India,2020-12-01,18292.096372
India,2021-01-01,17790.831824
India,2021-02-01,16798.791852000002
India,2021-03-01,19958.731504
India,2021-04-01,19428.240534
India,2021-05-01,26838.858829
India,2021-06-01,34436.971902
India,2021-07-01,38868.039551
India,2021-08-01,38625.515584
India,2021-09-01,33348.154872
India,2021-10-01,27045.071141
India,2021-11-01,19314.634199
India,2021-12-01,18196.253055
India,2022-01-01,18092.986732999998
India,2022-02-01,18395.358258
India,2022-03-01,23607.995068
India,2022-04-01,24718.592053
India,2022-05-01,33107.804223
India,2022-06-01,33161.208603
India,2022-07-01,38538.99751
India,2022-08-01,41462.390315
India,2022-09-01,38628.300556
India,2022-10-01,29558.820613
India,2022-11-01,21269.102572
India,2022-12-01,21607.921321
Italy,2010-01-01,5198.777
Italy,2010-02-01,4750.429
Italy,2010-03-01,5230.91
Italy,2010-04-01,5287.865
Italy,2010-05-01,7550.4890000000005
Italy,2010-06-01,7450.896000000001
Italy,2010-07-01,6464.198
Italy,2010-08-01,5462.627
Italy,2010-09-01,5108.527
Italy,2010-10-01,5033.7300000000005
Italy,2010-11-01,6248.465
Italy,2010-12-01,5976.33
Italy,2011-01-01,4835.353
Italy,2011-02-01,4380.767
Italy,2011-03-01,5235.003
Italy,2011-04-01,5958.556
Italy,2011-05-01,6166.859
Italy,2011-06-01,8130.836
Italy,2011-07-01,7609.582
Italy,2011-08-01,6682.454000000001
Italy,2011-09-01,6582.22
Italy,2011-10-01,5866.772
Italy,2011-11-01,5721.313
Italy,2011-12-01,5790.367
Italy,2012-01-01,4973.0
Italy,2012-02-01,4697.8460000000005
Italy,2012-03-01,5759.832
Italy,2012-04-01,6371.673
Italy,2012-05-01,8456.243
Italy,2012-06-01,8366.26
Italy,2012-07-01,8295.414
Italy,2012-08-01,7130.485
Italy,2012-09-01,6236.883
Italy,2012-10-01,6266.85
Italy,2012-11-01,7113.679
Italy,2012-12-01,6810.22
Italy,2013-01-01,5985.8910000000005
Italy,2013-02-01,6015.215999999999
Italy,2013-03-01,7665.018
Italy,2013-04-01,8767.126
Italy,2013-05-01,11097.887999999999
Italy,2013-06-01,10496.428
Italy,2013-07-01,9794.037
Italy,2013-08-01,8514.963
Italy,2013-09-01,6920.196
Italy,2013-10-01,6272.110000000001
Italy,2013-11-01,7443.734
Italy,2013-12-01,6456.788
Italy,2014-01-01,7071.337
Italy,2014-02-01,7487.599
Italy,2014-03-01,8390.922999999999
Italy,2014-04-01,9456.241
Italy,2014-05-01,10348.779999999999
Italy,2014-06-01,10278.712
Italy,2014-07-01,10758.962
Italy,2014-08-01,9979.112
Italy,2014-09-01,7611.035
Italy,2014-10-01,6625.079
Italy,2014-11-01,7207.996
Italy,2014-12-01,6852.161
Italy,2015-01-01,6645.13
Italy,2015-02-01,6397.112
Italy,2015-03-01,7496.162
Italy,2015-04-01,8391.159
Italy,2015-05-01,9855.135999999999
Italy,2015-06-01,9571.125
Italy,2015-07-01,9036.119
Italy,2015-08-01,7658.115
Italy,2015-09-01,7453.125
Italy,2015-10-01,7216.093
Italy,2015-11-01,5702.088
Italy,2015-12-01,4147.061
Italy,2016-01-01,5748.32
Italy,2016-02-01,6476.6089999999995
Italy,2016-03-01,7168.454
Italy,2016-04-01,8086.445
Italy,2016-05-01,8986.184000000001
Italy,2016-06-01,9956.599
Italy,2016-07-01,9302.465
Italy,2016-08-01,8593.623
Italy,2016-09-01,6648.332
Italy,2016-10-01,5991.37
Italy,2016-11-01,6289.68
Italy,2016-12-01,5683.537
Italy,2017-01-01,6164.104
Italy,2017-02-01,5404.715
Italy,2017-03-01,7344.830000000001
Italy,2017-04-01,7029.955
Italy,2017-05-01,8371.957
Italy,2017-06-01,8870.11
Italy,2017-07-01,9118.753999999999
Italy,2017-08-01,8253.818
Italy,2017-09-01,7435.805
Italy,2017-10-01,5837.519
Italy,2017-11-01,5136.444
Italy,2017-12-01,5992.3189999999995
Italy,2018-01-01,6279.953297
Italy,2018-02-01,5827.180773
Italy,2018-03-01,7823.101386
Italy,2018-04-01,8817.052156
Italy,2018-05-01,10387.053043
Italy,2018-06-01,10723.566343
Italy,2018-07-01,9636.26354
Italy,2018-08-01,8181.125255
Italy,2018-09-01,7156.285438
Italy,2018-10-01,6378.975372
Italy,2018-11-01,7353.616811
Italy,2018-12-01,6944.325588
Italy,2019-01-01,6585.022633
Italy,2019-02-01,6905.019898
Italy,2019-03-01,7439.014202
Italy,2019-04-01,7562.997530000001
Italy,2019-05-01,9390.000418
Italy,2019-06-01,10407.98343
Italy,2019-07-01,9823.987618
Italy,2019-08-01,8244.977588
Italy,2019-09-01,7399.991547
Italy,2019-10-01,6180.991708
Italy,2019-11-01,8229.024701999999
Italy,2019-12-01,8464.029725
Italy,2020-01-01,6899.907915
Italy,2020-02-01,7217.943225
Italy,2020-03-01,7139.899648
Italy,2020-04-01,8047.870724
Italy,2020-05-01,10192.343046
Italy,2020-06-01,10293.01835
Italy,2020-07-01,9447.409098
Italy,2020-08-01,8835.172305
Italy,2020-09-01,8195.931012000001
Italy,2020-10-01,8413.741664
Italy,2020-11-01,6188.052467
Italy,2020-12-01,6886.636544999999
Italy,2021-01-01,7779.383618
Italy,2021-02-01,7141.476503
Italy,2021-03-01,7881.090205
Italy,2021-04-01,7580.597969
Italy,2021-05-01,10080.088534
Italy,2021-06-01,10103.751893999999
Italy,2021-07-01,10079.281565
Italy,2021-08-01,9636.379114
Italy,2021-09-01,6884.818168000001
Italy,2021-10-01,6995.747131
Italy,2021-11-01,6074.958073
Italy,2021-12-01,7304.570683
Italy,2022-01-01,6770.266363
Italy,2022-02-01,6124.970694
Italy,2022-03-01,6453.97432
Italy,2022-04-01,7551.6841810000005
Italy,2022-05-01,7971.235497
Italy,2022-06-01,8428.748078999999
Italy,2022-07-01,8464.255845
Italy,2022-08-01,7547.334328
Italy,2022-09-01,6787.485732
Italy,2022-10-01,5551.911732
Italy,2022-11-01,6006.453318
Italy,2022-12-01,5445.544698
Japan,2010-01-01,5856.369000000001
Japan,2010-02-01,6589.888
Japan,2010-03-01,10969.695
Japan,2010-04-01,9867.357
Japan,2010-05-01,10452.26
Japan,2010-06-01,10003.391
Japan,2010-07-01,11598.786
Japan,2010-08-01,9573.214999999998
Japan,2010-09-01,7344.529
Japan,2010-10-01,6424.513
Japan,2010-11-01,5885.723
Japan,2010-12-01,7541.882
Japan,2011-01-01,7439.66
Japan,2011-02-01,6024.331999999999
Japan,2011-03-01,8032.86
Japan,2011-04-01,7482.155
Japan,2011-05-01,10875.166000000001
Japan,2011-06-01,11154.389
Japan,2011-07-01,10564.646
Japan,2011-08-01,9856.707999999999
Japan,2011-09-01,10240.969
Japan,2011-10-01,7314.082
Japan,2011-11-01,6310.417
Japan,2011-12-01,6989.2789999999995
Japan,2012-01-01,6221.481
Japan,2012-02-01,6718.071999999999
Japan,2012-03-01,9487.105
Japan,2012-04-01,9896.2
Japan,2012-05-01,10231.317000000001
Japan,2012-06-01,9162.875
Japan,2012-07-01,11140.82
Japan,2012-08-01,9279.005000000001
Japan,2012-09-01,6985.1
Japan,2012-10-01,5956.55
Japan,2012-11-01,6025.661
Japan,2012-12-01,6834.323
Japan,2013-01-01,6599.311
Japan,2013-02-01,6577.078
Japan,2013-03-01,8336.422
Japan,2013-04-01,9817.437
Japan,2013-05-01,9546.864000000001
Japan,2013-06-01,9535.16
Japan,2013-07-01,10670.701000000001
Japan,2013-08-01,10404.003
Japan,2013-09-01,9774.761
Japan,2013-10-01,8135.289
Japan,2013-11-01,7224.622
Japan,2013-12-01,7239.012
Japan,2014-01-01,6704.005
Japan,2014-02-01,6550.6089999999995
Japan,2014-03-01,9289.185
Japan,2014-04-01,11138.912
Japan,2014-05-01,11511.426
Japan,2014-06-01,10582.676
Japan,2014-07-01,11233.324
Japan,2014-08-01,12281.209
Japan,2014-09-01,8911.596
Japan,2014-10-01,8036.187000000001
Japan,2014-11-01,6636.117
Japan,2014-12-01,9006.685
Japan,2015-01-01,8626.417
Japan,2015-02-01,8022.526000000001
Japan,2015-03-01,11092.142
Japan,2015-04-01,13932.974
Japan,2015-05-01,14326.135999999999
Japan,2015-06-01,11671.187
Japan,2015-07-01,13833.065
Japan,2015-08-01,11541.152
Japan,2015-09-01,11750.708
Japan,2015-10-01,9353.327000000001
Japan,2015-11-01,7605.4529999999995
Japan,2015-12-01,9729.148
Japan,2016-01-01,8868.621000000001
Japan,2016-02-01,10087.315999999999
Japan,2016-03-01,10895.732
Japan,2016-04-01,13758.467
Japan,2016-05-01,14963.975
Japan,2016-06-01,12409.999
Japan,2016-07-01,12551.211000000001
Japan,2016-08-01,12189.036
Japan,2016-09-01,12476.394
Japan,2016-10-01,10826.960000000001
Japan,2016-11-01,9008.631
Japan,2016-12-01,10377.432
Japan,2017-01-01,10175.713
Japan,2017-02-01,9980.283
Japan,2017-03-01,10722.565999999999
Japan,2017-04-01,14770.624
Japan,2017-05-01,15782.615999999998
Japan,2017-06-01,13659.417
Japan,2017-07-01,14352.631
Japan,2017-08-01,14645.245
Japan,2017-09-01,12876.584
Japan,2017-10-01,12192.144
Japan,2017-11-01,11561.575
Japan,2017-12-01,10252.638
Japan,2018-01-01,10347.252148
Japan,2018-02-01,9244.667726
Japan,2018-03-01,14323.892655
Japan,2018-04-01,16132.764271
Japan,2018-05-01,17885.643529999998
Japan,2018-06-01,14409.084159
Japan,2018-07-01,15647.166351
Japan,2018-08-01,14707.030015
Japan,2018-09-01,14498.158537000001
Japan,2018-10-01,12194.626176
Japan,2018-11-01,9572.69811
Japan,2018-12-01,10003.937163
Japan,2019-01-01,9881.134058
Japan,2019-02-01,9678.135154
Japan,2019-03-01,12650.33579
Japan,2019-04-01,13874.384769
Japan,2019-05-01,16876.182688
Japan,2019-06-01,15007.865762
Japan,2019-07-01,15783.633679
Japan,2019-08-01,15750.918305
Japan,2019-09-01,13841.929386
Japan,2019-10-01,12445.143866
Japan,2019-11-01,11065.63447
Japan,2019-12-01,10258.262842
Japan,2020-01-01,11194.28161
Japan,2020-02-01,12420.428495999999
Japan,2020-03-01,14705.22342
Japan,2020-04-01,17463.256203
Japan,2020-05-01,17430.430126
Japan,2020-06-01,16123.687080000002
Japan,2020-07-01,16631.972982
Japan,2020-08-01,17991.153765
Japan,2020-09-01,13397.507518999999
Japan,2020-10-01,12375.391255
Japan,2020-11-01,11042.498187000001
Japan,2020-12-01,11290.300858
Japan,2021-01-01,10920.379088000002
Japan,2021-02-01,11781.083331
Japan,2021-03-01,15579.67179
Japan,2021-04-01,18041.202147
Japan,2021-05-01,19751.847088
Japan,2021-06-01,16969.83533
Japan,2021-07-01,17400.174869
Japan,2021-08-01,18495.878435
Japan,2021-09-01,15519.576079
Japan,2021-10-01,13062.247802
Japan,2021-11-01,11903.003332
Japan,2021-12-01,13642.742579
Japan,2022-01-01,12028.931675999998
Japan,2022-02-01,11374.372306
Japan,2022-03-01,15175.789995000001
Japan,2022-04-01,18764.045809
Japan,2022-05-01,19998.631528
Japan,2022-06-01,18360.169775
Japan,2022-07-01,18055.8319
Japan,2022-08-01,18229.127055
Japan,2022-09-01,17280.174811
Japan,2022-10-01,14058.441451
Japan,2022-11-01,11767.766787
Japan,2022-12-01,11711.187242
Norway,2010-01-01,14274.015
Norway,2010-02-01,12071.879
Norway,2010-03-01,10581.521
Norway,2010-04-01,8094.775000000001
Norway,2010-05-01,6924.168
Norway,2010-06-01,6372.896
Norway,2010-07-01,7327.827
Norway,2010-08-01,7389.586
Norway,2010-09-01,8543.575
Norway,2010-10-01,10955.189
Norway,2010-11-01,11618.001
Norway,2010-12-01,13395.567000000001
Norway,2011-01-01,10619.399
Norway,2011-02-01,9912.546999999999
Norway,2011-03-01,9456.84
Norway,2011-04-01,7796.368
Norway,2011-05-01,8086.688
Norway,2011-06-01,8960.937000000002
Norway,2011-07-01,10179.507
Norway,2011-08-01,10090.538
Norway,2011-09-01,10075.175
Norway,2011-10-01,11797.548999999999
Norway,2011-11-01,12693.505
Norway,2011-12-01,12667.949999999999
Norway,2012-01-01,15077.723
Norway,2012-02-01,14045.268
Norway,2012-03-01,12540.0
Norway,2012-04-01,11742.902
Norway,2012-05-01,10860.815
Norway,2012-06-01,10146.127
Norway,2012-07-01,10075.384
Norway,2012-08-01,10710.582
Norway,2012-09-01,10611.816
Norway,2012-10-01,11850.245
Norway,2012-11-01,11947.683
Norway,2012-12-01,14214.455
Norway,2013-01-01,14195.274
Norway,2013-02-01,12146.941
Norway,2013-03-01,12035.712000000001
Norway,2013-04-01,9203.012
Norway,2013-05-01,9416.488
Norway,2013-06-01,9298.367
Norway,2013-07-01,9346.986
Norway,2013-08-01,9777.913
Norway,2013-09-01,9515.794
Norway,2013-10-01,10491.753999999999
Norway,2013-11-01,11844.054
Norway,2013-12-01,12720.705
Norway,2014-01-01,14218.965
Norway,2014-02-01,11499.481
Norway,2014-03-01,11845.648000000001
Norway,2014-04-01,11138.844
Norway,2014-05-01,11065.958
Norway,2014-06-01,10382.321999999998
Norway,2014-07-01,9811.624
Norway,2014-08-01,9427.935000000001
Norway,2014-09-01,10211.983
Norway,2014-10-01,11452.874000000002
Norway,2014-11-01,12728.565999999999
Norway,2014-12-01,13989.8
Norway,2015-01-01,14351.0
Norway,2015-02-01,12482.011999999999
Norway,2015-03-01,12768.359
Norway,2015-04-01,10648.625
Norway,2015-05-01,10535.321
Norway,2015-06-01,10708.789999999999
Norway,2015-07-01,9809.252
Norway,2015-08-01,10341.9
Norway,2015-09-01,10802.999
Norway,2015-10-01,11610.263
Norway,2015-11-01,12750.217
Norway,2015-12-01,13514.262999999999
Norway,2016-01-01,15975.786
Norway,2016-02-01,13707.419
Norway,2016-03-01,13973.631
Norway,2016-04-01,11320.657
Norway,2016-05-01,10904.321999999998
Norway,2016-06-01,10661.794
Norway,2016-07-01,9945.593
Norway,2016-08-01,9967.847
Norway,2016-09-01,10228.903
Norway,2016-10-01,11752.411
Norway,2016-11-01,12825.193
Norway,2016-12-01,13706.439999999999
Norway,2017-01-01,14971.735
Norway,2017-02-01,12845.548999999999
Norway,2017-03-01,12480.791
Norway,2017-04-01,11205.993
Norway,2017-05-01,10963.425
Norway,2017-06-01,10745.671
Norway,2017-07-01,10242.560000000001
Norway,2017-08-01,10744.66
Norway,2017-09-01,11033.992
Norway,2017-10-01,12057.762999999999
Norway,2017-11-01,13415.244999999999
Norway,2017-12-01,14541.619999999999
Norway,2018-01-01,15283.15745
Norway,2018-02-01,14482.251887
Norway,2018-03-01,13736.654716000001
Norway,2018-04-01,10217.099199
Norway,2018-05-01,9929.123877999999
Norway,2018-06-01,9360.280268
Norway,2018-07-01,9020.057786000001
Norway,2018-08-01,10189.158232
Norway,2018-09-01,10857.455958
Norway,2018-10-01,12940.952763000001
Norway,2018-11-01,13324.490979
Norway,2018-12-01,13452.819882
Norway,2019-01-01,14453.600450999998
Norway,2019-02-01,11489.266447
Norway,2019-03-01,11011.830364
Norway,2019-04-01,9703.141106000001
Norway,2019-05-01,9529.272166
Norway,2019-06-01,9202.325713
Norway,2019-07-01,9527.973729
Norway,2019-08-01,9840.089481
Norway,2019-09-01,10698.823366
Norway,2019-10-01,11259.730908
Norway,2019-11-01,12609.214219
Norway,2019-12-01,12090.528342
Norway,2020-01-01,12992.853920000001
Norway,2020-02-01,12648.63386
Norway,2020-03-01,13926.973858
Norway,2020-04-01,12238.425506
Norway,2020-05-01,11859.213938
Norway,2020-06-01,10290.629143
Norway,2020-07-01,10893.547856
Norway,2020-08-01,11220.815708
Norway,2020-09-01,11794.007569
Norway,2020-10-01,13788.330799
Norway,2020-11-01,13252.915850000001
Norway,2020-12-01,16084.047471
Norway,2021-01-01,17405.261718
Norway,2021-02-01,14334.908564000001
Norway,2021-03-01,13667.637326
Norway,2021-04-01,12304.204507999999
Norway,2021-05-01,11883.499921
Norway,2021-06-01,11247.144999
Norway,2021-07-01,10900.677466000001
Norway,2021-08-01,10303.331216
Norway,2021-09-01,11155.649809
Norway,2021-10-01,12225.151498
Norway,2021-11-01,14290.07219
Norway,2021-12-01,15960.822902999998
Norway,2022-01-01,14929.752305
Norway,2022-02-01,12824.682606999999
Norway,2022-03-01,14467.206423
Norway,2022-04-01,11014.803155
Norway,2022-05-01,10671.815924999999
Norway,2022-06-01,11281.34842
Norway,2022-07-01,10404.207903999999
Norway,2022-08-01,10223.439586
Norway,2022-09-01,8375.300266
Norway,2022-10-01,10804.335167
Norway,2022-11-01,14115.678869000001
Norway,2022-12-01,14629.720781
OECD Americas,2010-01-01,75444.916
OECD Americas,2010-02-01,67147.143
OECD Americas,2010-03-01,70002.512
OECD Americas,2010-04-01,65050.939
OECD Americas,2010-05-01,70168.859
OECD Americas,2010-06-01,73382.783
OECD Americas,2010-07-01,69071.849
OECD Americas,2010-08-01,63554.431000000004
OECD Americas,2010-09-01,59443.454
OECD Americas,2010-10-01,62201.237
OECD Americas,2010-11-01,68866.2
OECD Americas,2010-12-01,76878.399
OECD Americas,2011-01-01,81489.262
OECD Americas,2011-02-01,77298.19499999999
OECD Americas,2011-03-01,85293.391
OECD Americas,2011-04-01,82359.87
OECD Americas,2011-05-01,82995.997
OECD Americas,2011-06-01,79966.29
OECD Americas,2011-07-01,78715.751
OECD Americas,2011-08-01,73997.679
OECD Americas,2011-09-01,65813.76999999999
OECD Americas,2011-10-01,69096.938
OECD Americas,2011-11-01,74041.175
OECD Americas,2011-12-01,80681.565
OECD Americas,2012-01-01,84780.996
OECD Americas,2012-02-01,73889.981
OECD Americas,2012-03-01,82126.77
OECD Americas,2012-04-01,78053.7
OECD Americas,2012-05-01,80959.56599999999
OECD Americas,2012-06-01,77554.845
OECD Americas,2012-07-01,77121.838
OECD Americas,2012-08-01,73111.799
OECD Americas,2012-09-01,63509.006
OECD Americas,2012-10-01,68433.702
OECD Americas,2012-11-01,71237.738
OECD Americas,2012-12-01,81504.148
OECD Americas,2013-01-01,87818.705
OECD Americas,2013-02-01,77720.761
OECD Americas,2013-03-01,80948.916
OECD Americas,2013-04-01,82573.151
OECD Americas,2013-05-01,84203.239
OECD Americas,2013-06-01,80351.163
OECD Americas,2013-07-01,79603.517
OECD Americas,2013-08-01,72412.174
OECD Americas,2013-09-01,68357.622
OECD Americas,2013-10-01,73420.907
OECD Americas,2013-11-01,79175.40000000001
OECD Americas,2013-12-01,85791.831
OECD Americas,2014-01-01,95887.288
OECD Americas,2014-02-01,81774.84
OECD Americas,2014-03-01,95199.754
OECD Americas,2014-04-01,90896.273
OECD Americas,2014-05-01,87509.852
OECD Americas,2014-06-01,86800.841
OECD Americas,2014-07-01,85083.22600000001
OECD Americas,2014-08-01,78026.206
OECD Americas,2014-09-01,71899.466
OECD Americas,2014-10-01,76847.299
OECD Americas,2014-11-01,87082.905
OECD Americas,2014-12-01,91284.308
OECD Americas,2015-01-01,96976.9
OECD Americas,2015-02-01,90050.64199999999
OECD Americas,2015-03-01,93901.811
OECD Americas,2015-04-01,90311.717
OECD Americas,2015-05-01,85240.044
OECD Americas,2015-06-01,80921.326
OECD Americas,2015-07-01,83858.835
OECD Americas,2015-08-01,80869.955
OECD Americas,2015-09-01,76068.632
OECD Americas,2015-10-01,79086.096
OECD Americas,2015-11-01,86997.124
OECD Americas,2015-12-01,94703.348
OECD Americas,2016-01-01,100038.924
OECD Americas,2016-02-01,97259.566
OECD Americas,2016-03-01,101003.31700000001
OECD Americas,2016-04-01,95897.17
OECD Americas,2016-05-01,95640.059
OECD Americas,2016-06-01,89406.873
OECD Americas,2016-07-01,91300.823
OECD Americas,2016-08-01,85985.567
OECD Americas,2016-09-01,82106.197
OECD Americas,2016-10-01,87645.736
OECD Americas,2016-11-01,90258.857
OECD Americas,2016-12-01,104410.278
OECD Americas,2017-01-01,107900.245
OECD Americas,2017-02-01,99938.418
OECD Americas,2017-03-01,116434.307
OECD Americas,2017-04-01,109152.28600000001
OECD Americas,2017-05-01,109828.08899999999
OECD Americas,2017-06-01,105007.608
OECD Americas,2017-07-01,97579.485
OECD Americas,2017-08-01,90461.574
OECD Americas,2017-09-01,89382.936
OECD Americas,2017-10-01,95051.155
OECD Americas,2017-11-01,98733.93
OECD Americas,2017-12-01,107010.583
OECD Americas,2018-01-01,113958.331432
OECD Americas,2018-02-01,105171.658597
OECD Americas,2018-03-01,111742.524031
OECD Americas,2018-04-01,109318.690447
OECD Americas,2018-05-01,110509.38908000001
OECD Americas,2018-06-01,108218.71800200001
OECD Americas,2018-07-01,98137.715095
OECD Americas,2018-08-01,97511.516739
OECD Americas,2018-09-01,88264.071601
OECD Americas,2018-10-01,95015.973074
OECD Americas,2018-11-01,101682.16059099999
OECD Americas,2018-12-01,107838.398
OECD Americas,2019-01-01,113058.899782
OECD Americas,2019-02-01,102876.88462699999
OECD Americas,2019-03-01,112314.1018
OECD Americas,2019-04-01,112512.62088
OECD Americas,2019-05-01,113750.002177
OECD Americas,2019-06-01,105937.339303
OECD Americas,2019-07-01,105093.125996
OECD Americas,2019-08-01,98388.821643
OECD Americas,2019-09-01,92963.19524
OECD Americas,2019-10-01,96669.406545
OECD Americas,2019-11-01,103631.88223999999
OECD Americas,2019-12-01,109637.266498
OECD Americas,2020-01-01,112970.65966199999
OECD Americas,2020-02-01,112525.38745099999
OECD Americas,2020-03-01,110519.504378
OECD Americas,2020-04-01,103635.380462
OECD Americas,2020-05-01,113249.871235
OECD Americas,2020-06-01,113681.16021599999
OECD Americas,2020-07-01,109973.739688
OECD Americas,2020-08-01,106025.129796
OECD Americas,2020-09-01,95656.493356
OECD Americas,2020-10-01,104573.973814
OECD Americas,2020-11-01,113976.710337
OECD Americas,2020-12-01,120127.956868
OECD Americas,2021-01-01,124165.184329
OECD Americas,2021-02-01,112414.206491
OECD Americas,2021-03-01,130364.529117
OECD Americas,2021-04-01,119489.206144
OECD Americas,2021-05-01,123416.692731
OECD Americas,2021-06-01,116512.770923
OECD Americas,2021-07-01,110946.40544300001
OECD Americas,2021-08-01,114611.10776
OECD Americas,2021-09-01,110537.339093
OECD Americas,2021-10-01,113992.271856
OECD Americas,2021-11-01,119707.65643799999
OECD Americas,2021-12-01,132430.658126
OECD Americas,2022-01-01,136244.092499
OECD Americas,2022-02-01,127502.334922
OECD Americas,2022-03-01,141467.222921
OECD Americas,2022-04-01,135433.706936
OECD Americas,2022-05-01,137649.87743
OECD Americas,2022-06-01,132901.599353
OECD Americas,2022-07-01,129733.659533
OECD Americas,2022-08-01,122251.07916200001
OECD Americas,2022-09-01,112676.361858
OECD Americas,2022-10-01,116473.454517
OECD Americas,2022-11-01,128477.12047600001
OECD Americas,2022-12-01,131317.50916
OECD Asia Oceania,2010-01-01,10406.337
OECD Asia Oceania,2010-02-01,10813.877
OECD Asia Oceania,2010-03-01,15237.402
OECD Asia Oceania,2010-04-01,14289.062
OECD Asia Oceania,2010-05-01,15474.367
OECD Asia Oceania,2010-06-01,15215.928
OECD Asia Oceania,2010-07-01,16889.609
OECD Asia Oceania,2010-08-01,15638.890000000001
OECD Asia Oceania,2010-09-01,13630.852
OECD Asia Oceania,2010-10-01,12142.754
OECD Asia Oceania,2010-11-01,11264.945
OECD Asia Oceania,2010-12-01,13059.175
OECD Asia Oceania,2011-01-01,12724.621
OECD Asia Oceania,2011-02-01,11136.091
OECD Asia Oceania,2011-03-01,13008.647
OECD Asia Oceania,2011-04-01,12163.157
OECD Asia Oceania,2011-05-01,16490.146
OECD Asia Oceania,2011-06-01,17176.253
OECD Asia Oceania,2011-07-01,17319.443
OECD Asia Oceania,2011-08-01,16065.328
OECD Asia Oceania,2011-09-01,15612.051
OECD Asia Oceania,2011-10-01,12200.851
OECD Asia Oceania,2011-11-01,11251.724
OECD Asia Oceania,2011-12-01,11905.038
OECD Asia Oceania,2012-01-01,11263.834
OECD Asia Oceania,2012-02-01,11070.681999999999
OECD Asia Oceania,2012-03-01,14469.334
OECD Asia Oceania,2012-04-01,14775.569000000001
OECD Asia Oceania,2012-05-01,15214.265000000001
OECD Asia Oceania,2012-06-01,14695.386999999999
OECD Asia Oceania,2012-07-01,17526.13
OECD Asia Oceania,2012-08-01,16058.238000000001
OECD Asia Oceania,2012-09-01,13397.03
OECD Asia Oceania,2012-10-01,12142.380000000001
OECD Asia Oceania,2012-11-01,11618.455
OECD Asia Oceania,2012-12-01,12772.379
OECD Asia Oceania,2013-01-01,12482.396999999999
OECD Asia Oceania,2013-02-01,11982.492
OECD Asia Oceania,2013-03-01,13821.642
OECD Asia Oceania,2013-04-01,15071.564999999999
OECD Asia Oceania,2013-05-01,15566.427
OECD Asia Oceania,2013-06-01,15568.887
OECD Asia Oceania,2013-07-01,17860.645
OECD Asia Oceania,2013-08-01,17607.702
OECD Asia Oceania,2013-09-01,16299.47
OECD Asia Oceania,2013-10-01,15122.323999999999
OECD Asia Oceania,2013-11-01,13602.943000000001
OECD Asia Oceania,2013-12-01,13851.271
OECD Asia Oceania,2014-01-01,12975.005
OECD Asia Oceania,2014-02-01,12161.471
OECD Asia Oceania,2014-03-01,14708.35
OECD Asia Oceania,2014-04-01,16496.53
OECD Asia Oceania,2014-05-01,18023.69
OECD Asia Oceania,2014-06-01,17597.695
OECD Asia Oceania,2014-07-01,18504.018
OECD Asia Oceania,2014-08-01,19089.167
OECD Asia Oceania,2014-09-01,15288.600999999999
OECD Asia Oceania,2014-10-01,14240.322
OECD Asia Oceania,2014-11-01,12437.108
OECD Asia Oceania,2014-12-01,14993.570999999998
OECD Asia Oceania,2015-01-01,14822.095235
OECD Asia Oceania,2015-02-01,13588.805679000001
OECD Asia Oceania,2015-03-01,16921.917131
OECD Asia Oceania,2015-04-01,19666.60361
OECD Asia Oceania,2015-05-01,21311.107013
OECD Asia Oceania,2015-06-01,18346.106659
OECD Asia Oceania,2015-07-01,21325.337041
OECD Asia Oceania,2015-08-01,19131.635766
OECD Asia Oceania,2015-09-01,18418.981764
OECD Asia Oceania,2015-10-01,15839.425695
OECD Asia Oceania,2015-11-01,13478.603355
OECD Asia Oceania,2015-12-01,15957.801107000001
OECD Asia Oceania,2016-01-01,15819.211361
OECD Asia Oceania,2016-02-01,16490.70928
OECD Asia Oceania,2016-03-01,17427.92686
OECD Asia Oceania,2016-04-01,20020.31895
OECD Asia Oceania,2016-05-01,22472.896387
OECD Asia Oceania,2016-06-01,19981.39486
OECD Asia Oceania,2016-07-01,20958.009000000002
OECD Asia Oceania,2016-08-01,20169.234
OECD Asia Oceania,2016-09-01,19760.938
OECD Asia Oceania,2016-10-01,19052.737
OECD Asia Oceania,2016-11-01,16529.595999999998
OECD Asia Oceania,2016-12-01,17679.743000000002
OECD Asia Oceania,2017-01-01,17157.685856
OECD Asia Oceania,2017-02-01,16786.904620999998
OECD Asia Oceania,2017-03-01,17456.128926
OECD Asia Oceania,2017-04-01,21210.802701
OECD Asia Oceania,2017-05-01,23187.087444
OECD Asia Oceania,2017-06-01,20474.77309
OECD Asia Oceania,2017-07-01,22234.279192
OECD Asia Oceania,2017-08-01,23122.085603
OECD Asia Oceania,2017-09-01,21166.075708
OECD Asia Oceania,2017-10-01,20007.615349
OECD Asia Oceania,2017-11-01,18362.811277
OECD Asia Oceania,2017-12-01,16877.902754
OECD Asia Oceania,2018-01-01,17717.329255999997
OECD Asia Oceania,2018-02-01,16340.54204
OECD Asia Oceania,2018-03-01,22387.00528
OECD Asia Oceania,2018-04-01,24173.611401
OECD Asia Oceania,2018-05-01,26523.270609
OECD Asia Oceania,2018-06-01,23297.045071
OECD Asia Oceania,2018-07-01,25234.097341
OECD Asia Oceania,2018-08-01,24756.239636
OECD Asia Oceania,2018-09-01,23338.698092
OECD Asia Oceania,2018-10-01,20402.916479
OECD Asia Oceania,2018-11-01,18134.738295
OECD Asia Oceania,2018-12-01,18677.825711
OECD Asia Oceania,2019-01-01,18729.713788
OECD Asia Oceania,2019-02-01,17482.305232
OECD Asia Oceania,2019-03-01,20849.387884999996
OECD Asia Oceania,2019-04-01,22175.071257
OECD Asia Oceania,2019-05-01,26272.936254
OECD Asia Oceania,2019-06-01,24252.818809
OECD Asia Oceania,2019-07-01,25565.276968
OECD Asia Oceania,2019-08-01,25976.651192
OECD Asia Oceania,2019-09-01,23026.98602
OECD Asia Oceania,2019-10-01,21949.674732000003
OECD Asia Oceania,2019-11-01,20826.462611
OECD Asia Oceania,2019-12-01,20281.583522
OECD Asia Oceania,2020-01-01,20688.743401
OECD Asia Oceania,2020-02-01,21517.252334999997
OECD Asia Oceania,2020-03-01,24983.788931
OECD Asia Oceania,2020-04-01,27344.159507
OECD Asia Oceania,2020-05-01,27917.278838
OECD Asia Oceania,2020-06-01,25804.139218
OECD Asia Oceania,2020-07-01,26382.285542
OECD Asia Oceania,2020-08-01,29091.356497
OECD Asia Oceania,2020-09-01,24344.320810999998
OECD Asia Oceania,2020-10-01,23472.589774
OECD Asia Oceania,2020-11-01,22464.933724
OECD Asia Oceania,2020-12-01,23332.635525
OECD Asia Oceania,2021-01-01,22924.618573
OECD Asia Oceania,2021-02-01,22675.611224
OECD Asia Oceania,2021-03-01,27277.192428
OECD Asia Oceania,2021-04-01,29347.822511
OECD Asia Oceania,2021-05-01,31465.958639
OECD Asia Oceania,2021-06-01,28569.735797999998
OECD Asia Oceania,2021-07-01,30164.833543
OECD Asia Oceania,2021-08-01,31068.697072
OECD Asia Oceania,2021-09-01,28330.256273
OECD Asia Oceania,2021-10-01,26290.712949
OECD Asia Oceania,2021-11-01,24474.575942
OECD Asia Oceania,2021-12-01,27170.605289000003
OECD Asia Oceania,2022-01-01,25806.124637
OECD Asia Oceania,2022-02-01,24283.479513000002
OECD Asia Oceania,2022-03-01,28229.519973
OECD Asia Oceania,2022-04-01,31404.33744
OECD Asia Oceania,2022-05-01,32721.503116
OECD Asia Oceania,2022-06-01,31934.034622
OECD Asia Oceania,2022-07-01,31974.709967
OECD Asia Oceania,2022-08-01,32971.975375
OECD Asia Oceania,2022-09-01,31691.435487
OECD Asia Oceania,2022-10-01,28756.965833000002
OECD Asia Oceania,2022-11-01,26384.812869999998
OECD Asia Oceania,2022-12-01,26489.921014
OECD Europe,2010-01-01,71792.441
OECD Europe,2010-02-01,65414.211
OECD Europe,2010-03-01,71552.037
OECD Europe,2010-04-01,60836.03
OECD Europe,2010-05-01,65701.853
OECD Europe,2010-06-01,62883.265999999996
OECD Europe,2010-07-01,59751.939999999995
OECD Europe,2010-08-01,58799.401
OECD Europe,2010-09-01,54208.039000000004
OECD Europe,2010-10-01,60957.091
OECD Europe,2010-11-01,66203.289
OECD Europe,2010-12-01,71710.026
OECD Europe,2011-01-01,67248.764
OECD Europe,2011-02-01,60773.168
OECD Europe,2011-03-01,62340.243
OECD Europe,2011-04-01,61728.373
OECD Europe,2011-05-01,61877.215000000004
OECD Europe,2011-06-01,63908.287
OECD Europe,2011-07-01,64251.318
OECD Europe,2011-08-01,62413.153
OECD Europe,2011-09-01,61581.389
OECD Europe,2011-10-01,65530.957
OECD Europe,2011-11-01,63258.903
OECD Europe,2011-12-01,76356.463
OECD Europe,2012-01-01,78095.09700000001
OECD Europe,2012-02-01,72093.392
OECD Europe,2012-03-01,70975.269
OECD Europe,2012-04-01,75439.964
OECD Europe,2012-05-01,80672.547
OECD Europe,2012-06-01,76459.78
OECD Europe,2012-07-01,71586.938
OECD Europe,2012-08-01,67560.895
OECD Europe,2012-09-01,65602.926
OECD Europe,2012-10-01,68347.832
OECD Europe,2012-11-01,71780.747
OECD Europe,2012-12-01,81950.49
OECD Europe,2013-01-01,83331.169
OECD Europe,2013-02-01,77200.988
OECD Europe,2013-03-01,87042.36200000001
OECD Europe,2013-04-01,84010.307
OECD Europe,2013-05-01,86473.332
OECD Europe,2013-06-01,79628.529
OECD Europe,2013-07-01,74261.538
OECD Europe,2013-08-01,70263.49
OECD Europe,2013-09-01,65497.588
OECD Europe,2013-10-01,72436.619
OECD Europe,2013-11-01,77446.511
OECD Europe,2013-12-01,84869.075
OECD Europe,2014-01-01,90789.227
OECD Europe,2014-02-01,88637.942
OECD Europe,2014-03-01,88826.106
OECD Europe,2014-04-01,81948.296
OECD Europe,2014-05-01,83447.26
OECD Europe,2014-06-01,75291.61200000001
OECD Europe,2014-07-01,76180.817
OECD Europe,2014-08-01,76556.724
OECD Europe,2014-09-01,63919.458999999995
OECD Europe,2014-10-01,70175.776
OECD Europe,2014-11-01,75049.533
OECD Europe,2014-12-01,86598.204
OECD Europe,2015-01-01,91499.945
OECD Europe,2015-02-01,82693.952
OECD Europe,2015-03-01,91875.03199999999
OECD Europe,2015-04-01,87641.42
OECD Europe,2015-05-01,96560.11
OECD Europe,2015-06-01,87292.691
OECD Europe,2015-07-01,85579.805
OECD Europe,2015-08-01,78096.985
OECD Europe,2015-09-01,74277.587
OECD Europe,2015-10-01,74085.78600000001
OECD Europe,2015-11-01,83245.37599999999
OECD Europe,2015-12-01,84872.995
OECD Europe,2016-01-01,95372.038
OECD Europe,2016-02-01,98410.556
OECD Europe,2016-03-01,94351.24799999999
OECD Europe,2016-04-01,94202.696
OECD Europe,2016-05-01,93926.344
OECD Europe,2016-06-01,89103.654
OECD Europe,2016-07-01,85763.333
OECD Europe,2016-08-01,83193.095
OECD Europe,2016-09-01,71957.492
OECD Europe,2016-10-01,70178.825
OECD Europe,2016-11-01,78440.027
OECD Europe,2016-12-01,83103.777
OECD Europe,2017-01-01,87247.249
OECD Europe,2017-02-01,84420.813
OECD Europe,2017-03-01,96564.389
OECD Europe,2017-04-01,87193.907
OECD Europe,2017-05-01,89411.277
OECD Europe,2017-06-01,89148.362
OECD Europe,2017-07-01,84875.971
OECD Europe,2017-08-01,84430.928
OECD Europe,2017-09-01,80397.918
OECD Europe,2017-10-01,86976.692
OECD Europe,2017-11-01,84055.015
OECD Europe,2017-12-01,102743.059
OECD Europe,2018-01-01,107027.023736
OECD Europe,2018-02-01,91642.693907
OECD Europe,2018-03-01,109960.09388799999
OECD Europe,2018-04-01,103082.85659
OECD Europe,2018-05-01,100928.052249
OECD Europe,2018-06-01,92190.803512
OECD Europe,2018-07-01,82600.61476899999
OECD Europe,2018-08-01,83899.771685
OECD Europe,2018-09-01,82021.998545
OECD Europe,2018-10-01,86647.599083
OECD Europe,2018-11-01,89387.067297
OECD Europe,2018-12-01,99350.31058
OECD Europe,2019-01-01,103808.396551
OECD Europe,2019-02-01,95395.119012
OECD Europe,2019-03-01,113472.67371799999
OECD Europe,2019-04-01,99126.54117499999
OECD Europe,2019-05-01,103043.034389
OECD Europe,2019-06-01,101493.849749
OECD Europe,2019-07-01,93899.27282099999
OECD Europe,2019-08-01,90495.136541
OECD Europe,2019-09-01,89837.23166800001
OECD Europe,2019-10-01,91739.84973
OECD Europe,2019-11-01,98820.659088
OECD Europe,2019-12-01,114660.53966200001
OECD Europe,2020-01-01,114493.916525
OECD Europe,2020-02-01,125726.837332
OECD Europe,2020-03-01,126839.513119
OECD Europe,2020-04-01,107886.346085
OECD Europe,2020-05-01,112203.78017499999
OECD Europe,2020-06-01,101976.353518
OECD Europe,2020-07-01,104527.616288
OECD Europe,2020-08-01,98539.188127
OECD Europe,2020-09-01,95509.201473
OECD Europe,2020-10-01,110878.27490399999
OECD Europe,2020-11-01,98651.56725600001
OECD Europe,2020-12-01,110116.987374
OECD Europe,2021-01-01,113851.594575
OECD Europe,2021-02-01,114540.175426
OECD Europe,2021-03-01,117035.74976
OECD Europe,2021-04-01,106599.13581800001
OECD Europe,2021-05-01,116275.32484300001
OECD Europe,2021-06-01,100397.608238
OECD Europe,2021-07-01,104845.011595
OECD Europe,2021-08-01,103639.461646
OECD Europe,2021-09-01,87761.559626
OECD Europe,2021-10-01,104784.751207
OECD Europe,2021-11-01,97894.001571
OECD Europe,2021-12-01,112293.20164
OECD Europe,2022-01-01,117752.160481
OECD Europe,2022-02-01,122564.96081399999
OECD Europe,2022-03-01,113327.491436
OECD Europe,2022-04-01,117646.539536
OECD Europe,2022-05-01,117038.75275099999
OECD Europe,2022-06-01,108335.517308
OECD Europe,2022-07-01,110097.886943
OECD Europe,2022-08-01,97960.864844
OECD Europe,2022-09-01,93902.31379500001
OECD Europe,2022-10-01,105230.99695399999
OECD Europe,2022-11-01,108157.78388599999
OECD Europe,2022-12-01,108490.548196
OECD Total,2010-01-01,157643.69400000002
OECD Total,2010-02-01,143375.231
OECD Total,2010-03-01,156791.951
OECD Total,2010-04-01,140176.031
OECD Total,2010-05-01,151345.079
OECD Total,2010-06-01,151481.977
OECD Total,2010-07-01,145713.398
OECD Total,2010-08-01,137992.722
OECD Total,2010-09-01,127282.345
OECD Total,2010-10-01,135301.082
OECD Total,2010-11-01,146334.434
OECD Total,2010-12-01,161647.6
OECD Total,2011-01-01,161462.647
OECD Total,2011-02-01,149207.454
OECD Total,2011-03-01,160642.281
OECD Total,2011-04-01,156251.4
OECD Total,2011-05-01,161363.358
OECD Total,2011-06-01,161050.83
OECD Total,2011-07-01,160286.51200000002
OECD Total,2011-08-01,152476.16
OECD Total,2011-09-01,143007.21
OECD Total,2011-10-01,146828.746
OECD Total,2011-11-01,148551.802
OECD Total,2011-12-01,168943.066
OECD Total,2012-01-01,174139.927
OECD Total,2012-02-01,157054.055
OECD Total,2012-03-01,167571.373
OECD Total,2012-04-01,168269.233
OECD Total,2012-05-01,176846.378
OECD Total,2012-06-01,168710.012
OECD Total,2012-07-01,166234.90600000002
OECD Total,2012-08-01,156730.932
OECD Total,2012-09-01,142508.962
OECD Total,2012-10-01,148923.914
OECD Total,2012-11-01,154636.94
OECD Total,2012-12-01,176227.017
OECD Total,2013-01-01,183632.271
OECD Total,2013-02-01,166904.241
OECD Total,2013-03-01,181812.92
OECD Total,2013-04-01,181655.02300000002
OECD Total,2013-05-01,186242.998
OECD Total,2013-06-01,175548.579
OECD Total,2013-07-01,171725.7
OECD Total,2013-08-01,160283.366
OECD Total,2013-09-01,150154.68
OECD Total,2013-10-01,160979.85
OECD Total,2013-11-01,170224.854
OECD Total,2013-12-01,184512.177
OECD Total,2014-01-01,199651.52000000002
OECD Total,2014-02-01,182574.253
OECD Total,2014-03-01,198734.21
OECD Total,2014-04-01,189341.099
OECD Total,2014-05-01,188980.802
OECD Total,2014-06-01,179690.148
OECD Total,2014-07-01,179768.06100000002
OECD Total,2014-08-01,173672.097
OECD Total,2014-09-01,151107.52599999998
OECD Total,2014-10-01,161263.397
OECD Total,2014-11-01,174569.546
OECD Total,2014-12-01,192876.08299999998
OECD Total,2015-01-01,203298.940235
OECD Total,2015-02-01,186333.399679
OECD Total,2015-03-01,202698.760131
OECD Total,2015-04-01,197619.74061
OECD Total,2015-05-01,203111.261013
OECD Total,2015-06-01,186560.123659
OECD Total,2015-07-01,190763.977041
OECD Total,2015-08-01,178098.575766
OECD Total,2015-09-01,168765.200764
OECD Total,2015-10-01,169011.307695
OECD Total,2015-11-01,183721.103355
OECD Total,2015-12-01,195534.144107
OECD Total,2016-01-01,211230.173361
OECD Total,2016-02-01,212160.83128
OECD Total,2016-03-01,212782.49185999998
OECD Total,2016-04-01,210120.18495
OECD Total,2016-05-01,212039.29938699998
OECD Total,2016-06-01,198491.92186
OECD Total,2016-07-01,198022.165
OECD Total,2016-08-01,189347.89599999998
OECD Total,2016-09-01,173824.627
OECD Total,2016-10-01,176877.298
OECD Total,2016-11-01,185228.48
OECD Total,2016-12-01,205193.79799999998
OECD Total,2017-01-01,212305.17985599997
OECD Total,2017-02-01,201146.135621
OECD Total,2017-03-01,230454.824926
OECD Total,2017-04-01,217556.995701
OECD Total,2017-05-01,222426.45344399998
OECD Total,2017-06-01,214630.74309
OECD Total,2017-07-01,204689.735192
OECD Total,2017-08-01,198014.587603
OECD Total,2017-09-01,190946.929708
OECD Total,2017-10-01,202035.462349
OECD Total,2017-11-01,201151.756277
OECD Total,2017-12-01,226631.544754
OECD Total,2018-01-01,238702.684424
OECD Total,2018-02-01,213154.894544
OECD Total,2018-03-01,244089.623199
OECD Total,2018-04-01,236575.15843799998
OECD Total,2018-05-01,237960.711938
OECD Total,2018-06-01,223706.566585
OECD Total,2018-07-01,205972.427205
OECD Total,2018-08-01,206167.52806
OECD Total,2018-09-01,193624.768238
OECD Total,2018-10-01,202066.488636
OECD Total,2018-11-01,209203.96618299998
OECD Total,2018-12-01,225866.534291
OECD Total,2019-01-01,235597.010121
OECD Total,2019-02-01,215754.308871
OECD Total,2019-03-01,246636.163403
OECD Total,2019-04-01,233814.233312
OECD Total,2019-05-01,243065.97282
OECD Total,2019-06-01,231684.007861
OECD Total,2019-07-01,224557.675785
OECD Total,2019-08-01,214860.609376
OECD Total,2019-09-01,205827.412928
OECD Total,2019-10-01,210358.931007
OECD Total,2019-11-01,223279.00393900002
OECD Total,2019-12-01,244579.38968199998
OECD Total,2020-01-01,248153.31958799998
OECD Total,2020-02-01,259769.477118
OECD Total,2020-03-01,262342.806428
OECD Total,2020-04-01,238865.886054
OECD Total,2020-05-01,253370.93024800002
OECD Total,2020-06-01,241461.652952
OECD Total,2020-07-01,240883.641518
OECD Total,2020-08-01,233655.67442
OECD Total,2020-09-01,215510.01564
OECD Total,2020-10-01,238924.838492
OECD Total,2020-11-01,235093.21131699998
OECD Total,2020-12-01,253577.579767
OECD Total,2021-01-01,260941.39747700002
OECD Total,2021-02-01,249629.993141
OECD Total,2021-03-01,274677.471305
OECD Total,2021-04-01,255436.164473
OECD Total,2021-05-01,271157.976213
OECD Total,2021-06-01,245480.114959
OECD Total,2021-07-01,245956.250581
OECD Total,2021-08-01,249319.266478
OECD Total,2021-09-01,226629.154992
OECD Total,2021-10-01,245067.736012
OECD Total,2021-11-01,242076.233951
OECD Total,2021-12-01,271894.465055
OECD Total,2022-01-01,279802.37761900004
OECD Total,2022-02-01,274350.77525
OECD Total,2022-03-01,283024.234334
OECD Total,2022-04-01,284484.583913
OECD Total,2022-05-01,287410.13329800003
OECD Total,2022-06-01,273171.151284
OECD Total,2022-07-01,271806.256443
OECD Total,2022-08-01,253183.919382
OECD Total,2022-09-01,238270.111138
OECD Total,2022-10-01,250461.417304
OECD Total,2022-11-01,263019.717231
OECD Total,2022-12-01,266297.97836999997
Spain,2010-01-01,9864.228
Spain,2010-02-01,9372.318
Spain,2010-03-01,11307.878999999999
Spain,2010-04-01,8299.693
Spain,2010-05-01,8557.773
Spain,2010-06-01,6999.101
Spain,2010-07-01,6702.452
Spain,2010-08-01,5998.8099999999995
Spain,2010-09-01,4767.651
Spain,2010-10-01,6509.1140000000005
Spain,2010-11-01,7525.794000000001
Spain,2010-12-01,9132.186
Spain,2011-01-01,10092.564
Spain,2011-02-01,7778.908
Spain,2011-03-01,9410.202000000001
Spain,2011-04-01,7752.229
Spain,2011-05-01,6742.313
Spain,2011-06-01,6027.65
Spain,2011-07-01,6111.519
Spain,2011-08-01,5392.483
Spain,2011-09-01,4618.782
Spain,2011-10-01,5345.828
Spain,2011-11-01,6625.355
Spain,2011-12-01,7539.164999999999
Spain,2012-01-01,6218.188999999999
Spain,2012-02-01,7388.772
Spain,2012-03-01,6467.65
Spain,2012-04-01,8222.456
Spain,2012-05-01,7683.099
Spain,2012-06-01,7120.81
Spain,2012-07-01,5731.33
Spain,2012-08-01,6145.341
Spain,2012-09-01,6345.946
Spain,2012-10-01,5757.185
Spain,2012-11-01,7568.789
Spain,2012-12-01,8987.435000000001
Spain,2013-01-01,10186.252
Spain,2013-02-01,10863.41
Spain,2013-03-01,11700.307
Spain,2013-04-01,10885.302
Spain,2013-05-01,9270.437
Spain,2013-06-01,8751.401
Spain,2013-07-01,7427.54
Spain,2013-08-01,7302.344999999999
Spain,2013-09-01,6268.29
Spain,2013-10-01,6908.648
Spain,2013-11-01,10086.386999999999
Spain,2013-12-01,8242.678000000002
Spain,2014-01-01,11613.407000000001
Spain,2014-02-01,12706.803
Spain,2014-03-01,12022.353000000001
Spain,2014-04-01,10618.976
Spain,2014-05-01,8856.678
Spain,2014-06-01,7533.487
Spain,2014-07-01,7871.829
Spain,2014-08-01,6812.164000000001
Spain,2014-09-01,5103.876
Spain,2014-10-01,6221.842
Spain,2014-11-01,8368.318000000001
Spain,2014-12-01,8974.265
Spain,2015-01-01,8241.407
Spain,2015-02-01,10231.391
Spain,2015-03-01,9774.941
Spain,2015-04-01,7911.263
Spain,2015-05-01,9762.022
Spain,2015-06-01,7188.871
Spain,2015-07-01,7147.228999999999
Spain,2015-08-01,6730.4
Spain,2015-09-01,6018.416
Spain,2015-10-01,6598.456
Spain,2015-11-01,6861.803
Spain,2015-12-01,5834.801
Spain,2016-01-01,9924.908000000001
Spain,2016-02-01,11258.43
Spain,2016-03-01,11235.894
Spain,2016-04-01,11211.137
Spain,2016-05-01,10619.376
Spain,2016-06-01,8110.097
Spain,2016-07-01,7671.54
Spain,2016-08-01,7535.397
Spain,2016-09-01,5830.758
Spain,2016-10-01,5076.19
Spain,2016-11-01,6202.472
Spain,2016-12-01,5266.801
Spain,2017-01-01,7810.9800000000005
Spain,2017-02-01,7802.103
Spain,2017-03-01,8638.156
Spain,2017-04-01,7553.584
Spain,2017-05-01,6966.09
Spain,2017-06-01,6482.280000000001
Spain,2017-07-01,6389.879
Spain,2017-08-01,6037.021000000001
Spain,2017-09-01,5539.249
Spain,2017-10-01,5276.290999999999
Spain,2017-11-01,5849.255
Spain,2017-12-01,8070.109
Spain,2018-01-01,8379.661037
Spain,2018-02-01,7999.933370999999
Spain,2018-03-01,13325.782261
Spain,2018-04-01,10556.682031999999
Spain,2018-05-01,8287.431845000001
Spain,2018-06-01,7795.816978
Spain,2018-07-01,7469.522365
Spain,2018-08-01,6861.871811
Spain,2018-09-01,5627.400554
Spain,2018-10-01,6877.219049
Spain,2018-11-01,7333.768325999999
Spain,2018-12-01,7532.910371
Spain,2019-01-01,8959.511675
Spain,2019-02-01,7245.433887
Spain,2019-03-01,8517.761281000001
Spain,2019-04-01,7781.851989
Spain,2019-05-01,8417.884736
Spain,2019-06-01,7092.440311
Spain,2019-07-01,6778.552473
Spain,2019-08-01,5982.380845
Spain,2019-09-01,6523.682761
Spain,2019-10-01,6123.911279
Spain,2019-11-01,10824.846910999999
Spain,2019-12-01,10963.741844
Spain,2020-01-01,9338.590401
Spain,2020-02-01,8582.512809
Spain,2020-03-01,10361.124426
Spain,2020-04-01,8268.365727
Spain,2020-05-01,9318.036653000001
Spain,2020-06-01,8333.132538
Spain,2020-07-01,9034.731626
Spain,2020-08-01,8353.465893
Spain,2020-09-01,7788.368724
Spain,2020-10-01,9600.411904
Spain,2020-11-01,7784.797909999999
Spain,2020-12-01,11800.461394
Spain,2021-01-01,12495.560326
Spain,2021-02-01,12392.024782
Spain,2021-03-01,11771.75344
Spain,2021-04-01,8978.832312
Spain,2021-05-01,10298.897745
Spain,2021-06-01,9027.301472000001
Spain,2021-07-01,10144.755896
Spain,2021-08-01,8903.776689
Spain,2021-09-01,7154.897981
Spain,2021-10-01,7755.051157
Spain,2021-11-01,9364.37318
Spain,2021-12-01,10877.018323
Spain,2022-01-01,9475.678602
Spain,2022-02-01,8113.457197
Spain,2022-03-01,10172.864268000001
Spain,2022-04-01,10855.397472
Spain,2022-05-01,11070.817466
Spain,2022-06-01,9109.251442
Spain,2022-07-01,9969.422483
Spain,2022-08-01,9519.009648
Spain,2022-09-01,8873.469159
Spain,2022-10-01,8442.199886
Spain,2022-11-01,10031.399777
Spain,2022-12-01,10017.709893
United States,2010-01-01,32611.07
United States,2010-02-01,29251.608
United States,2010-03-01,32611.758
United States,2010-04-01,31790.56
United States,2010-05-01,38057.388
United States,2010-06-01,42580.376
United States,2010-07-01,35648.479999999996
United States,2010-08-01,31062.171000000002
United States,2010-09-01,27906.057
United States,2010-10-01,28486.601000000002
United States,2010-11-01,32582.235
United States,2010-12-01,35400.693999999996
United States,2011-01-01,37804.59
United States,2011-02-01,37973.711
United States,2011-03-01,45170.791000000005
United States,2011-04-01,46941.516
United States,2011-05-01,48149.213
United States,2011-06-01,47137.271
United States,2011-07-01,43141.08
United States,2011-08-01,38046.579
United States,2011-09-01,31817.691000000003
United States,2011-10-01,33737.707
United States,2011-11-01,36273.121999999996
United States,2011-12-01,37731.731
United States,2012-01-01,39995.817
United States,2012-02-01,34292.513
United States,2012-03-01,43061.83
United States,2012-04-01,42466.22
United States,2012-05-01,45601.096000000005
United States,2012-06-01,43103.077
United States,2012-07-01,40312.518
United States,2012-08-01,36107.901
United States,2012-09-01,30395.938
United States,2012-10-01,32463.75
United States,2012-11-01,33833.168000000005
United States,2012-12-01,40758.17
United States,2013-01-01,42791.399
United States,2013-02-01,37555.299
United States,2013-03-01,39933.842000000004
United States,2013-04-01,45988.861000000004
United States,2013-05-01,49299.149000000005
United States,2013-06-01,45921.001
United States,2013-07-01,43396.977
United States,2013-08-01,36532.87
United States,2013-09-01,33239.839
United States,2013-10-01,35536.193
United States,2013-11-01,37495.989
United States,2013-12-01,39423.585
United States,2014-01-01,43516.226
United States,2014-02-01,35113.584
United States,2014-03-01,46598.886999999995
United States,2014-04-01,48575.581
United States,2014-05-01,47615.307
United States,2014-06-01,47782.657
United States,2014-07-01,42767.329
United States,2014-08-01,36462.389
United States,2014-09-01,33188.798
United States,2014-10-01,36875.794
United States,2014-11-01,42290.003000000004
United States,2014-12-01,41405.445999999996
United States,2015-01-01,43507.651
United States,2015-02-01,41780.695
United States,2015-03-01,45103.634
United States,2015-04-01,46113.912
United States,2015-05-01,43954.088
United States,2015-06-01,40955.733
United States,2015-07-01,42465.911
United States,2015-08-01,39975.743
United States,2015-09-01,36398.886
United States,2015-10-01,38300.009
United States,2015-11-01,43858.25
United States,2015-12-01,48445.486
United States,2016-01-01,49060.976
United States,2016-02-01,50369.916
United States,2016-03-01,55421.925
United States,2016-04-01,52847.947
United States,2016-05-01,52380.245
United States,2016-06-01,48014.252
United States,2016-07-01,48467.329
United States,2016-08-01,42577.618
United States,2016-09-01,41284.82399999999
United States,2016-10-01,45139.681000000004
United States,2016-11-01,44724.093
United States,2016-12-01,52014.811
United States,2017-01-01,54530.541
United States,2017-02-01,52498.34
United States,2017-03-01,65055.51
United States,2017-04-01,64379.598999999995
United States,2017-05-01,65794.981
United States,2017-06-01,62020.047
United States,2017-07-01,53186.121
United States,2017-08-01,45699.799
United States,2017-09-01,46568.596000000005
United States,2017-10-01,51418.666
United States,2017-11-01,50129.766
United States,2017-12-01,52361.829
United States,2018-01-01,59402.221453
United States,2018-02-01,57411.367087
United States,2018-03-01,62321.910300999996
United States,2018-04-01,64661.963368
United States,2018-05-01,66017.88137799999
United States,2018-06-01,65267.354963
United States,2018-07-01,52405.320249000004
United States,2018-08-01,53926.833603
United States,2018-09-01,48220.181079
United States,2018-10-01,49480.585281
United States,2018-11-01,52425.639599
United States,2018-12-01,55433.187631
United States,2019-01-01,58290.576942
United States,2019-02-01,53631.457128
United States,2019-03-01,63040.363187
United States,2019-04-01,68461.926956
United States,2019-05-01,70518.566872
United States,2019-06-01,64743.214862
United States,2019-07-01,60957.735233
United States,2019-08-01,55318.109814
United States,2019-09-01,53234.735767
United States,2019-10-01,55378.613629
United States,2019-11-01,54772.717721
United States,2019-12-01,57190.240889
United States,2020-01-01,60031.546012
United States,2020-02-01,62582.032307
United States,2020-03-01,60882.418726
United States,2020-04-01,60989.523088
United States,2020-05-01,70673.57799399999
United States,2020-06-01,71793.793398
United States,2020-07-01,63076.520000000004
United States,2020-08-01,60146.74487
United States,2020-09-01,53391.302243
United States,2020-10-01,57849.819212
United States,2020-11-01,64513.130703
United States,2020-12-01,63846.084449
United States,2021-01-01,66988.953112
United States,2021-02-01,60148.899146
United States,2021-03-01,75744.919007
United States,2021-04-01,72020.857039
United States,2021-05-01,75901.000606
United States,2021-06-01,70648.825992
United States,2021-07-01,63894.549539
United States,2021-08-01,67608.767016
United States,2021-09-01,64640.993858
United States,2021-10-01,65619.588062
United States,2021-11-01,69411.11935400001
United States,2021-12-01,77644.750898
United States,2022-01-01,77618.153525
United States,2022-02-01,75448.091624
United States,2022-03-01,86610.767154
United States,2022-04-01,85587.703336
United States,2022-05-01,87742.306132
United States,2022-06-01,84050.124894
United States,2022-07-01,78523.549431
United States,2022-08-01,69369.926268
United States,2022-09-01,64130.444113
United States,2022-10-01,65457.0834
United States,2022-11-01,73962.24209900001
United States,2022-12-01,72582.052383
